,TipoAcesso,TipoRefeicao,DataUTC,DataLocal,day_local,PersonId,DeviceId,DeviceClientId,EventTypeId
0,Refeitorio,Jantar,2026-02-01 00:00:12,2026-01-31 21:00:12,2026-01-31,0013E4D920CF33BA,00132B76FE186599,00132BB36CC7542E,16777985
1,Refeitorio,Jantar,2026-02-01 00:01:12,2026-01-31 21:01:12,2026-01-31,0013CB0EC5E5D1F7,00132B76FE186599,00132BB36CC7542E,16777985
2,Refeitorio,Jantar,2026-02-01 00:03:24,2026-01-31 21:03:24,2026-01-31,0013CBD7E6109318,00132B76FE186599,00132BB36CC7542E,16777985
3,Refeitorio,Jantar,2026-02-01 00:07:16,2026-01-31 21:07:16,2026-01-31,0013D3F0DF78A92B,00132B76FE186599,00132BB36CC7542E,16777985
4,Refeitorio,Jantar,2026-02-01 00:07:48,2026-01-31 21:07:48,2026-01-31,00136C8B66244C4A,00132B76FE186599,00132BB36CC7542E,16777985
5,Refeitorio,Jantar,2026-02-01 00:09:57,2026-01-31 21:09:57,2026-01-31,0013C403169EB5D2,00132B76FE186599,00132BB36CC7542E,16777985
6,Refeitorio,Jantar,2026-02-01 00:10:02,2026-01-31 21:10:02,2026-01-31,00139F3813CCE53D,00132B76FE186599,00132BB36CC7542E,16777985
7,Refeitorio,Jantar,2026-02-01 00:12:14,2026-01-31 21:12:14,2026-01-31,00138CEA52C6D898,00132B76FE186599,00132BB36CC7542E,16777985
8,Refeitorio,Jantar,2026-02-01 00:13:25,2026-01-31 21:13:25,2026-01-31,00140394F320B6B0,00132B76FE186599,00132BB36CC7542E,16777985
9,Refeitorio,Jantar,2026-02-01 00:19:14,2026-01-31 21:19:14,2026-01-31,0013F4F2B532BFF2,00132B76FE186599,00132BB36CC7542E,16777985
10,Refeitorio,Jantar,2026-02-01 00:20:04,2026-01-31 21:20:04,2026-01-31,0013EFC20BAC8899,00132B76FE186599,00132BB36CC7542E,16777985
11,Refeitorio,Jantar,2026-02-01 00:20:27,2026-01-31 21:20:27,2026-01-31,00132D30EE5DD343,00132B76FE186599,00132BB36CC7542E,16777985
12,Refeitorio,Jantar,2026-02-01 00:21:01,2026-01-31 21:21:01,2026-01-31,0013ED8F2F669C9C,00132B76FE186599,00132BB36CC7542E,16777985
13,Refeitorio,Jantar,2026-02-01 00:21:06,2026-01-31 21:21:06,2026-01-31,0013720769AC70F7,00132B76FE186599,00132BB36CC7542E,16777985
14,Refeitorio,Jantar,2026-02-01 00:21:49,2026-01-31 21:21:49,2026-01-31,0013B848A928E109,00132B76FE186599,00132BB36CC7542E,16777985
15,Refeitorio,Jantar,2026-02-01 00:22:53,2026-01-31 21:22:53,2026-01-31,001373C2E161B0E2,00132B76FE186599,00132BB36CC7542E,16777985
16,Refeitorio,Jantar,2026-02-01 00:25:15,2026-01-31 21:25:15,2026-01-31,0013E4D9129B2989,00132B76FE186599,00132BB36CC7542E,16777985
17,Refeitorio,Jantar,2026-02-01 00:26:05,2026-01-31 21:26:05,2026-01-31,0013CDAB8E69D1E0,00132B76FE186599,00132BB36CC7542E,16777985
18,Refeitorio,Jantar,2026-02-01 00:27:17,2026-01-31 21:27:17,2026-01-31,0013D5E9766B4BC7,00132B76FE186599,00132BB36CC7542E,16777985
19,Refeitorio,Jantar,2026-02-01 00:27:19,2026-01-31 21:27:19,2026-01-31,00139F76431AA1D8,00132B76FE186599,00132BB36CC7542E,16777985
20,Refeitorio,Jantar,2026-02-01 00:30:41,2026-01-31 21:30:41,2026-01-31,001340D27F079198,00132B76FE186599,00132BB36CC7542E,16777985
21,Refeitorio,Ceia,2026-02-01 02:01:07,2026-01-31 23:01:07,2026-01-31,001409165FAE526F,00132B76FE186599,00132BB36CC7542E,16777985
22,Refeitorio,Ceia,2026-02-01 02:01:14,2026-01-31 23:01:14,2026-01-31,0013E66949F6BC21,00132B76FE186599,00132BB36CC7542E,16777985
23,Refeitorio,Ceia,2026-02-01 02:01:18,2026-01-31 23:01:18,2026-01-31,0013560CD0EF147A,00132B76FE186599,00132BB36CC7542E,16777985
24,Refeitorio,Ceia,2026-02-01 02:01:23,2026-01-31 23:01:23,2026-01-31,001404D5C63E52CF,00132B76FE186599,00132BB36CC7542E,16777985
25,Refeitorio,Ceia,2026-02-01 02:01:26,2026-01-31 23:01:26,2026-01-31,00132D30F0D78CCD,00132B76FE186599,00132BB36CC7542E,16777985
26,Refeitorio,Ceia,2026-02-01 02:01:29,2026-01-31 23:01:29,2026-01-31,0013F295C053E109,00132B76FE186599,00132BB36CC7542E,16777985
27,Refeitorio,Ceia,2026-02-01 02:01:32,2026-01-31 23:01:32,2026-01-31,0013F6ED16CA1724,00132B76FE186599,00132BB36CC7542E,16777985
28,Refeitorio,Ceia,2026-02-01 02:01:36,2026-01-31 23:01:36,2026-01-31,00134F50700E76B2,00132B76FE186599,00132BB36CC7542E,16777985
29,Refeitorio,Ceia,2026-02-01 02:01:45,2026-01-31 23:01:45,2026-01-31,0013F0DADBE054A5,00132B76FE186599,00132BB36CC7542E,16777985
30,Refeitorio,Ceia,2026-02-01 02:02:07,2026-01-31 23:02:07,2026-01-31,001344D9BE745D9D,00132B76FE186599,00132BB36CC7542E,16777985
31,Refeitorio,Ceia,2026-02-01 02:02:13,2026-01-31 23:02:13,2026-01-31,0013C403153702DA,00132B76FE186599,00132BB36CC7542E,16777985
32,Refeitorio,Ceia,2026-02-01 02:02:24,2026-01-31 23:02:24,2026-01-31,0014009425C8FDB9,00132B76FE186599,00132BB36CC7542E,16777985
33,Refeitorio,Ceia,2026-02-01 02:02:48,2026-01-31 23:02:48,2026-01-31,001402767D474AAA,00132B76FE186599,00132BB36CC7542E,16777985
34,Refeitorio,Ceia,2026-02-01 02:04:01,2026-01-31 23:04:01,2026-01-31,00139F7249FA1190,00132B76FE186599,00132BB36CC7542E,16777985
35,Refeitorio,Ceia,2026-02-01 02:04:19,2026-01-31 23:04:19,2026-01-31,0013EB9ACE4B826E,00132B76FE186599,00132BB36CC7542E,16777985
36,Refeitorio,Ceia,2026-02-01 02:04:23,2026-01-31 23:04:23,2026-01-31,0013E62C263C56B7,00132B76FE186599,00132BB36CC7542E,16777985
37,Refeitorio,Ceia,2026-02-01 02:04:33,2026-01-31 23:04:33,2026-01-31,0013EB35829F8A60,00132B76FE186599,00132BB36CC7542E,16777985
38,Refeitorio,Ceia,2026-02-01 02:04:41,2026-01-31 23:04:41,2026-01-31,00132D30F8CD19DE,00132B76FE186599,00132BB36CC7542E,16777985
39,Refeitorio,Ceia,2026-02-01 02:05:01,2026-01-31 23:05:01,2026-01-31,0013C903A8D4E59C,00132B76FE186599,00132BB36CC7542E,16777985
40,Refeitorio,Ceia,2026-02-01 02:05:13,2026-01-31 23:05:13,2026-01-31,0013CA093ACD7D38,00132B76FE186599,00132BB36CC7542E,16777985
41,Refeitorio,Ceia,2026-02-01 02:05:16,2026-01-31 23:05:16,2026-01-31,00139F749A12B35F,00132B76FE186599,00132BB36CC7542E,16777985
42,Refeitorio,Ceia,2026-02-01 02:07:05,2026-01-31 23:07:05,2026-01-31,0013BF754213F3B0,00132B76FE186599,00132BB36CC7542E,16777985
43,Refeitorio,Ceia,2026-02-01 02:07:39,2026-01-31 23:07:39,2026-01-31,0013D3B3DBA3E06C,00132B76FE186599,00132BB36CC7542E,16777985
44,Refeitorio,Ceia,2026-02-01 02:12:04,2026-01-31 23:12:04,2026-01-31,00132D30E66F6D38,00132B76FE186599,00132BB36CC7542E,16777985
45,Refeitorio,Ceia,2026-02-01 02:17:49,2026-01-31 23:17:49,2026-01-31,00135906C457A745,00132B76FE186599,00132BB36CC7542E,16777985
46,Refeitorio,Ceia,2026-02-01 02:17:53,2026-01-31 23:17:53,2026-01-31,0013380B34C626FF,00132B76FE186599,00132BB36CC7542E,16777985
47,Refeitorio,Ceia,2026-02-01 02:19:09,2026-01-31 23:19:09,2026-01-31,0013F1B93DCCB6DA,00132B76FE186599,00132BB36CC7542E,16777985
48,Refeitorio,Ceia,2026-02-01 02:19:32,2026-01-31 23:19:32,2026-01-31,0013BA7853EE086B,00132B76FE186599,00132BB36CC7542E,16777985
49,Refeitorio,Ceia,2026-02-01 02:22:43,2026-01-31 23:22:43,2026-01-31,00133208BEDB623C,00132B76FE186599,00132BB36CC7542E,16777985
50,Refeitorio,Ceia,2026-02-01 02:38:21,2026-01-31 23:38:21,2026-01-31,0013A4B7A508A33B,00132B76FE186599,00132BB36CC7542E,16777985
51,Refeitorio,Ceia,2026-02-01 02:43:17,2026-01-31 23:43:17,2026-01-31,0013E320ED6F60FE,00132B76FE186599,00132BB36CC7542E,16777985
52,Refeitorio,Ceia,2026-02-01 02:43:57,2026-01-31 23:43:57,2026-01-31,0013EA464B97A0D3,00132B76FE186599,00132BB36CC7542E,16777985
53,Refeitorio,Ceia,2026-02-01 02:45:09,2026-01-31 23:45:09,2026-01-31,00132FD0E36857E4,00132B76FE186599,00132BB36CC7542E,16777985
54,Refeitorio,Ceia,2026-02-01 02:53:58,2026-01-31 23:53:58,2026-01-31,00132D30E7BFD6EE,00132B76FE186599,00132BB36CC7542E,16777985
55,Refeitorio,Ceia,2026-02-01 02:54:02,2026-01-31 23:54:02,2026-01-31,0013CAE8A89C58AD,00132B76FE186599,00132BB36CC7542E,16777985
56,Refeitorio,Ceia,2026-02-01 02:54:29,2026-01-31 23:54:29,2026-01-31,0013F8D0ACBF76E6,00132B76FE186599,00132BB36CC7542E,16777985
57,Refeitorio,Ceia,2026-02-01 02:59:21,2026-01-31 23:59:21,2026-01-31,0013AFA12D30A377,00132B76FE186599,00132BB36CC7542E,16777985
58,Refeitorio,Ceia,2026-02-01 02:59:55,2026-01-31 23:59:55,2026-01-31,00132D30E48760AB,00132B76FE186599,00132BB36CC7542E,16777985
59,Refeitorio,Ceia,2026-02-01 03:00:33,2026-02-01 00:00:33,2026-01-31,0013E89B03EE0507,00132B76FE186599,00132BB36CC7542E,16777985
60,Refeitorio,Ceia,2026-02-01 03:00:53,2026-02-01 00:00:53,2026-01-31,0013F1F5F06498BA,00132B76FE186599,00132BB36CC7542E,16777985
61,Refeitorio,Ceia,2026-02-01 03:00:58,2026-02-01 00:00:58,2026-01-31,00135D3394AD7337,00132B76FE186599,00132BB36CC7542E,16777985
62,Refeitorio,Ceia,2026-02-01 03:01:31,2026-02-01 00:01:31,2026-01-31,0013D9C094A1E27D,00132B76FE186599,00132BB36CC7542E,16777985
63,Refeitorio,Ceia,2026-02-01 03:01:46,2026-02-01 00:01:46,2026-01-31,0013344DC59417BE,00132B76FE186599,00132BB36CC7542E,16777985
64,Refeitorio,Ceia,2026-02-01 03:02:56,2026-02-01 00:02:56,2026-01-31,0013C4030F2CB12D,00132B76FE186599,00132BB36CC7542E,16777985
65,Refeitorio,Ceia,2026-02-01 03:06:11,2026-02-01 00:06:11,2026-01-31,00132D30EC939431,00132B76FE186599,00132BB36CC7542E,16777985
66,Refeitorio,Ceia,2026-02-01 03:06:38,2026-02-01 00:06:38,2026-01-31,001405EA1A6C0887,00132B76FE186599,00132BB36CC7542E,16777985
67,Refeitorio,Ceia,2026-02-01 03:08:11,2026-02-01 00:08:11,2026-01-31,00138E27CAC38BE5,00132B76FE186599,00132BB36CC7542E,16777985
68,Refeitorio,Ceia,2026-02-01 03:08:52,2026-02-01 00:08:52,2026-01-31,00132D30E83B9495,00132B76FE186599,00132BB36CC7542E,16777985
69,Refeitorio,Ceia,2026-02-01 03:09:58,2026-02-01 00:09:58,2026-01-31,00132FD0E697FA80,00132B76FE186599,00132BB36CC7542E,16777985
70,Refeitorio,Ceia,2026-02-01 03:10:03,2026-02-01 00:10:03,2026-01-31,00132D30F8FA29B4,00132B76FE186599,00132BB36CC7542E,16777985
71,Refeitorio,Ceia,2026-02-01 03:10:07,2026-02-01 00:10:07,2026-01-31,00135AC1B16B23E7,00132B76FE186599,00132BB36CC7542E,16777985
72,Refeitorio,Ceia,2026-02-01 03:10:12,2026-02-01 00:10:12,2026-01-31,0013E6694F571F03,00132B76FE186599,00132BB36CC7542E,16777985
73,Refeitorio,Ceia,2026-02-01 03:10:40,2026-02-01 00:10:40,2026-01-31,0013727ED75513D2,00132B76FE186599,00132BB36CC7542E,16777985
74,Refeitorio,Ceia,2026-02-01 03:11:22,2026-02-01 00:11:22,2026-01-31,00132D30FF5D051F,00132B76FE186599,00132BB36CC7542E,16777985
75,Refeitorio,Ceia,2026-02-01 03:12:03,2026-02-01 00:12:03,2026-01-31,00132D30FD928905,00132B76FE186599,00132BB36CC7542E,16777985
76,Refeitorio,Ceia,2026-02-01 03:12:15,2026-02-01 00:12:15,2026-01-31,0013C86080884D87,00132B76FE186599,00132BB36CC7542E,16777985
77,Refeitorio,Ceia,2026-02-01 03:12:19,2026-02-01 00:12:19,2026-01-31,0013B848A25F8C00,00132B76FE186599,00132BB36CC7542E,16777985
78,Refeitorio,Ceia,2026-02-01 03:13:33,2026-02-01 00:13:33,2026-01-31,00132FD0E0889431,00132B76FE186599,00132BB36CC7542E,16777985
79,Refeitorio,Ceia,2026-02-01 03:15:56,2026-02-01 00:15:56,2026-01-31,0013F6DCC3C36B6E,00132B76FE186599,00132BB36CC7542E,16777985
80,Refeitorio,Ceia,2026-02-01 03:17:25,2026-02-01 00:17:25,2026-01-31,0014054FABB4B70D,00132B76FE186599,00132BB36CC7542E,16777985
81,Refeitorio,Ceia,2026-02-01 03:17:54,2026-02-01 00:17:54,2026-01-31,00132D30F6D6FC3B,00132B76FE186599,00132BB36CC7542E,16777985
82,Refeitorio,Ceia,2026-02-01 03:21:10,2026-02-01 00:21:10,2026-01-31,0013CED455446F0E,00132B76FE186599,00132BB36CC7542E,16777985
83,Refeitorio,Ceia,2026-02-01 03:22:11,2026-02-01 00:22:11,2026-01-31,00138FBF1CB504C9,00132B76FE186599,00132BB36CC7542E,16777985
84,Refeitorio,Ceia,2026-02-01 03:22:14,2026-02-01 00:22:14,2026-01-31,0013847F7AEF77A3,00132B76FE186599,00132BB36CC7542E,16777985
85,Refeitorio,Ceia,2026-02-01 03:26:31,2026-02-01 00:26:31,2026-01-31,00132D30FBD4B180,00132B76FE186599,00132BB36CC7542E,16777985
86,Refeitorio,Ceia,2026-02-01 03:29:12,2026-02-01 00:29:12,2026-01-31,00132FD0E468A51C,00132B76FE186599,00132BB36CC7542E,16777985
87,Refeitorio,Ceia,2026-02-01 03:29:59,2026-02-01 00:29:59,2026-01-31,0013F8D1B496B2A7,00132B76FE186599,00132BB36CC7542E,16777985
88,Refeitorio,Ceia,2026-02-01 03:31:57,2026-02-01 00:31:57,2026-01-31,0013BBA59CDD6042,00132B76FE186599,00132BB36CC7542E,16777985
89,Refeitorio,Ceia,2026-02-01 03:34:46,2026-02-01 00:34:46,2026-01-31,00133348430356A7,00132B76FE186599,00132BB36CC7542E,16777985
90,Refeitorio,Ceia,2026-02-01 03:39:49,2026-02-01 00:39:49,2026-01-31,00132D30E794EC76,00132B76FE186599,00132BB36CC7542E,16777985
91,Refeitorio,Ceia,2026-02-01 03:44:10,2026-02-01 00:44:10,2026-01-31,00137258C30C98C5,00132B76FE186599,00132BB36CC7542E,16777985
92,Refeitorio,Ceia,2026-02-01 03:47:56,2026-02-01 00:47:56,2026-01-31,001335EDAF2ACCA0,00132B76FE186599,00132BB36CC7542E,16777985
93,Refeitorio,Ceia,2026-02-01 03:53:51,2026-02-01 00:53:51,2026-01-31,00132D3100B7EC6A,00132B76FE186599,00132BB36CC7542E,16777985
94,Refeitorio,Ceia,2026-02-01 03:53:54,2026-02-01 00:53:54,2026-01-31,00136175F9F42320,00132B76FE186599,00132BB36CC7542E,16777985
95,Refeitorio,Ceia,2026-02-01 03:56:06,2026-02-01 00:56:06,2026-01-31,00132D3105C4A546,00132B76FE186599,00132BB36CC7542E,16777985
96,Refeitorio,Ceia,2026-02-01 03:56:34,2026-02-01 00:56:34,2026-01-31,0013DECE0665A236,00132B76FE186599,00132BB36CC7542E,16777985
97,Refeitorio,Ceia,2026-02-01 03:56:38,2026-02-01 00:56:38,2026-01-31,0013DF486574A7AB,00132B76FE186599,00132BB36CC7542E,16777985
98,Refeitorio,Ceia,2026-02-01 03:56:49,2026-02-01 00:56:49,2026-01-31,0013A30F0F406E4F,00132B76FE186599,00132BB36CC7542E,16777985
99,Refeitorio,Ceia,2026-02-01 03:56:54,2026-02-01 00:56:54,2026-01-31,0013422FDCE3FC70,00132B76FE186599,00132BB36CC7542E,16777985
100,Refeitorio,Ceia,2026-02-01 04:00:31,2026-02-01 01:00:31,2026-01-31,00132FD0DFE542D8,00132B76FE186599,00132BB36CC7542E,16777985
101,Refeitorio,Ceia,2026-02-01 04:02:02,2026-02-01 01:02:02,2026-01-31,00132D30FF4752DB,00132B76FE186599,00132BB36CC7542E,16777985
102,Refeitorio,Ceia,2026-02-01 04:02:23,2026-02-01 01:02:23,2026-01-31,00132D30F2F857E7,00132B76FE186599,00132BB36CC7542E,16777985
103,Refeitorio,Ceia,2026-02-01 04:05:02,2026-02-01 01:05:02,2026-01-31,001409F050578BB4,00132B76FE186599,00132BB36CC7542E,16777985
104,Refeitorio,Ceia,2026-02-01 04:05:47,2026-02-01 01:05:47,2026-01-31,001385BFC31BFFF5,00132B76FE186599,00132BB36CC7542E,16777985
105,Refeitorio,Ceia,2026-02-01 04:07:25,2026-02-01 01:07:25,2026-01-31,0013F062B4448965,00132B76FE186599,00132BB36CC7542E,16777985
106,Refeitorio,Ceia,2026-02-01 04:07:29,2026-02-01 01:07:29,2026-01-31,00138ACAAFC82D69,00132B76FE186599,00132BB36CC7542E,16777985
107,Refeitorio,Ceia,2026-02-01 04:11:44,2026-02-01 01:11:44,2026-01-31,00132FF76849E7CE,00132B76FE186599,00132BB36CC7542E,16777985
108,Refeitorio,Ceia,2026-02-01 04:12:00,2026-02-01 01:12:00,2026-01-31,0013DEB947A64F3E,00132B76FE186599,00132BB36CC7542E,16777985
109,Refeitorio,Ceia,2026-02-01 04:13:10,2026-02-01 01:13:10,2026-01-31,00139425C34557AE,00132B76FE186599,00132BB36CC7542E,16777985
110,Refeitorio,Ceia,2026-02-01 04:15:34,2026-02-01 01:15:34,2026-01-31,00138ACB5E4F83DE,00132B76FE186599,00132BB36CC7542E,16777985
111,Refeitorio,Ceia,2026-02-01 04:15:55,2026-02-01 01:15:55,2026-01-31,0012D891157ECCD3,00132B76FE186599,00132BB36CC7542E,16777985
112,Refeitorio,Ceia,2026-02-01 04:15:58,2026-02-01 01:15:58,2026-01-31,00132D30FB288BDB,00132B76FE186599,00132BB36CC7542E,16777985
113,Refeitorio,Ceia,2026-02-01 04:16:04,2026-02-01 01:16:04,2026-01-31,0013DE3F03B97AB5,00132B76FE186599,00132BB36CC7542E,16777985
114,Refeitorio,Ceia,2026-02-01 04:17:42,2026-02-01 01:17:42,2026-01-31,0013A7775B5BF286,00132B76FE186599,00132BB36CC7542E,16777985
115,Refeitorio,Ceia,2026-02-01 04:18:56,2026-02-01 01:18:56,2026-01-31,0013F65B1B765240,00132B76FE186599,00132BB36CC7542E,16777985
116,Refeitorio,Ceia,2026-02-01 04:20:24,2026-02-01 01:20:24,2026-01-31,001375691AA20B03,00132B76FE186599,00132BB36CC7542E,16777985
117,Refeitorio,Ceia,2026-02-01 04:22:14,2026-02-01 01:22:14,2026-01-31,00132D30F52CED01,00132B76FE186599,00132BB36CC7542E,16777985
118,Refeitorio,Ceia,2026-02-01 04:23:34,2026-02-01 01:23:34,2026-01-31,001331B2BF4D2BE7,00132B76FE186599,00132BB36CC7542E,16777985
119,Refeitorio,Ceia,2026-02-01 04:26:33,2026-02-01 01:26:33,2026-01-31,00136E3F452A66DF,00132B76FE186599,00132BB36CC7542E,16777985
120,Refeitorio,Ceia,2026-02-01 04:35:40,2026-02-01 01:35:40,2026-01-31,00134C03A5023048,00132B76FE186599,00132BB36CC7542E,16777985
121,Refeitorio,Ceia,2026-02-01 04:37:21,2026-02-01 01:37:21,2026-01-31,0013BD64AB51B854,00132B76FE186599,00132BB36CC7542E,16777985
122,Refeitorio,Ceia,2026-02-01 04:37:28,2026-02-01 01:37:28,2026-01-31,0013D63875F6EF63,00132B76FE186599,00132BB36CC7542E,16777985
123,Refeitorio,Ceia,2026-02-01 04:37:31,2026-02-01 01:37:31,2026-01-31,00134D2F26FC4372,00132B76FE186599,00132BB36CC7542E,16777985
124,Refeitorio,Ceia,2026-02-01 04:42:51,2026-02-01 01:42:51,2026-01-31,0013E22C7FDB4474,00132B76FE186599,00132BB36CC7542E,16777985
125,Refeitorio,Ceia,2026-02-01 04:46:25,2026-02-01 01:46:25,2026-01-31,0013FD0EC13F6A35,00132B76FE186599,00132BB36CC7542E,16777985
126,Refeitorio,Ceia,2026-02-01 04:53:03,2026-02-01 01:53:03,2026-01-31,00132D30EFB09F61,00132B76FE186599,00132BB36CC7542E,16777985
127,Refeitorio,Ceia,2026-02-01 04:53:31,2026-02-01 01:53:31,2026-01-31,0013CAE8B1C3AADA,00132B76FE186599,00132BB36CC7542E,16777985
128,Refeitorio,Ceia,2026-02-01 04:53:34,2026-02-01 01:53:34,2026-01-31,00132FD0DF8846FD,00132B76FE186599,00132BB36CC7542E,16777985
129,Refeitorio,Ceia,2026-02-01 04:53:59,2026-02-01 01:53:59,2026-01-31,00132D30FED4A484,00132B76FE186599,00132BB36CC7542E,16777985
130,Refeitorio,Ceia,2026-02-01 04:54:38,2026-02-01 01:54:38,2026-01-31,00132D3101C20084,00132B76FE186599,00132BB36CC7542E,16777985
131,Refeitorio,Ceia,2026-02-01 04:55:02,2026-02-01 01:55:02,2026-01-31,0013AA78F623441F,00132B76FE186599,00132BB36CC7542E,16777985
132,Refeitorio,Ceia,2026-02-01 04:55:28,2026-02-01 01:55:28,2026-01-31,0013A0BA3FE73693,00132B76FE186599,00132BB36CC7542E,16777985
133,Refeitorio,Ceia,2026-02-01 04:55:31,2026-02-01 01:55:31,2026-01-31,00132D30FD721C20,00132B76FE186599,00132BB36CC7542E,16777985
134,Refeitorio,Ceia,2026-02-01 04:59:08,2026-02-01 01:59:08,2026-01-31,0013D4CDC1441AA8,00132B76FE186599,00132BB36CC7542E,16777985
135,Refeitorio,Ceia,2026-02-01 05:02:30,2026-02-01 02:02:30,2026-01-31,0013E22C6DD99D69,00132B76FE186599,00132BB36CC7542E,16777985
136,Refeitorio,Ceia,2026-02-01 05:02:35,2026-02-01 02:02:35,2026-01-31,0013E4D9129B2989,00132B76FE186599,00132BB36CC7542E,16777985
137,Refeitorio,Ceia,2026-02-01 05:02:38,2026-02-01 02:02:38,2026-01-31,0013B6F1D7147D18,00132B76FE186599,00132BB36CC7542E,16777985
138,Refeitorio,Ceia,2026-02-01 05:02:47,2026-02-01 02:02:47,2026-01-31,0013CDAB941F247C,00132B76FE186599,00132BB36CC7542E,16777985
139,Refeitorio,Ceia,2026-02-01 05:05:14,2026-02-01 02:05:14,2026-01-31,0013F65B2E1185F4,00132B76FE186599,00132BB36CC7542E,16777985
140,Refeitorio,Ceia,2026-02-01 05:05:22,2026-02-01 02:05:22,2026-01-31,0013F65B2E1185F4,00132B76FE186599,00132BB36CC7542E,16777985
141,Refeitorio,Ceia,2026-02-01 05:05:26,2026-02-01 02:05:26,2026-01-31,0013F5920448D62E,00132B76FE186599,00132BB36CC7542E,16777985
142,Refeitorio,Ceia,2026-02-01 05:06:57,2026-02-01 02:06:57,2026-01-31,0013F1B93B0A500F,00132B76FE186599,00132BB36CC7542E,16777985
143,Refeitorio,Ceia,2026-02-01 05:07:19,2026-02-01 02:07:19,2026-01-31,00137559D2682F08,00132B76FE186599,00132BB36CC7542E,16777985
144,Refeitorio,Ceia,2026-02-01 05:07:27,2026-02-01 02:07:27,2026-01-31,00132D30E727B9F4,00132B76FE186599,00132BB36CC7542E,16777985
145,Refeitorio,Ceia,2026-02-01 05:07:30,2026-02-01 02:07:30,2026-01-31,00132FD0E0AD88B3,00132B76FE186599,00132BB36CC7542E,16777985
146,Refeitorio,Ceia,2026-02-01 05:08:21,2026-02-01 02:08:21,2026-01-31,00132FD0E15C88D0,00132B76FE186599,00132BB36CC7542E,16777985
147,Refeitorio,Ceia,2026-02-01 05:08:57,2026-02-01 02:08:57,2026-01-31,0013B6F1DD72EB1B,00132B76FE186599,00132BB36CC7542E,16777985
148,Refeitorio,Ceia,2026-02-01 05:09:19,2026-02-01 02:09:19,2026-01-31,0013F1F5ECC32BC6,00132B76FE186599,00132BB36CC7542E,16777985
149,Refeitorio,Ceia,2026-02-01 05:09:28,2026-02-01 02:09:28,2026-01-31,00132FD0E5F209C0,00132B76FE186599,00132BB36CC7542E,16777985
150,Refeitorio,Ceia,2026-02-01 05:09:32,2026-02-01 02:09:32,2026-01-31,00132FD0E5ADD999,00132B76FE186599,00132BB36CC7542E,16777985
151,Refeitorio,Ceia,2026-02-01 05:09:59,2026-02-01 02:09:59,2026-01-31,001407B9A18B0B6C,00132B76FE186599,00132BB36CC7542E,16777985
152,Refeitorio,Ceia,2026-02-01 05:10:07,2026-02-01 02:10:07,2026-01-31,0012D890C1EE67B3,00132B76FE186599,00132BB36CC7542E,16777985
153,Refeitorio,Ceia,2026-02-01 05:13:23,2026-02-01 02:13:23,2026-01-31,00132D3105DA1A80,00132B76FE186599,00132BB36CC7542E,16777985
154,Refeitorio,Ceia,2026-02-01 06:00:39,2026-02-01 03:00:39,2026-01-31,0013CB22DB99E127,00132B76FE186599,00132BB36CC7542E,16777985
155,Refeitorio,Ceia,2026-02-01 06:01:09,2026-02-01 03:01:09,2026-01-31,00134ED3D5E92A41,00132B76FE186599,00132BB36CC7542E,16777985
156,Refeitorio,Ceia,2026-02-01 06:01:47,2026-02-01 03:01:47,2026-01-31,00133807E72C9E3E,00132B76FE186599,00132BB36CC7542E,16777985
157,Refeitorio,Ceia,2026-02-01 06:02:25,2026-02-01 03:02:25,2026-01-31,0013B3A28D82D2D9,00132B76FE186599,00132BB36CC7542E,16777985
158,Refeitorio,Ceia,2026-02-01 06:03:05,2026-02-01 03:03:05,2026-01-31,0013DA8B09EBB59C,00132B76FE186599,00132BB36CC7542E,16777985
159,Refeitorio,Ceia,2026-02-01 06:03:09,2026-02-01 03:03:09,2026-01-31,0013CB0EC51BD2C8,00132B76FE186599,00132BB36CC7542E,16777985
160,Refeitorio,Ceia,2026-02-01 06:03:13,2026-02-01 03:03:13,2026-01-31,00133185AC3594B5,00132B76FE186599,00132BB36CC7542E,16777985
161,Refeitorio,Ceia,2026-02-01 06:04:21,2026-02-01 03:04:21,2026-01-31,00132FD0E3ADB93D,00132B76FE186599,00132BB36CC7542E,16777985
162,Refeitorio,Ceia,2026-02-01 06:04:58,2026-02-01 03:04:58,2026-01-31,0013C86080884D87,00132B76FE186599,00132BB36CC7542E,16777985
163,Refeitorio,Ceia,2026-02-01 06:05:04,2026-02-01 03:05:04,2026-01-31,001348B506634077,00132B76FE186599,00132BB36CC7542E,16777985
164,Refeitorio,Ceia,2026-02-01 06:05:07,2026-02-01 03:05:07,2026-01-31,0013E97C7A5310C4,00132B76FE186599,00132BB36CC7542E,16777985
165,Refeitorio,Ceia,2026-02-01 06:05:32,2026-02-01 03:05:32,2026-01-31,0013F8D1B496B2A7,00132B76FE186599,00132BB36CC7542E,16777985
166,Refeitorio,Ceia,2026-02-01 06:05:55,2026-02-01 03:05:55,2026-01-31,0013E5DFA4A622F0,00132B76FE186599,00132BB36CC7542E,16777985
167,Refeitorio,Ceia,2026-02-01 06:06:35,2026-02-01 03:06:35,2026-01-31,001409165FAE526F,00132B76FE186599,00132BB36CC7542E,16777985
168,Refeitorio,Ceia,2026-02-01 06:07:09,2026-02-01 03:07:09,2026-01-31,0013A4B7A508A33B,00132B76FE186599,00132BB36CC7542E,16777985
169,Refeitorio,Ceia,2026-02-01 06:07:53,2026-02-01 03:07:53,2026-01-31,0013344DC59417BE,00132B76FE186599,00132BB36CC7542E,16777985
170,Refeitorio,Ceia,2026-02-01 06:08:29,2026-02-01 03:08:29,2026-01-31,0013BBA59CDD6042,00132B76FE186599,00132BB36CC7542E,16777985
171,Refeitorio,Ceia,2026-02-01 06:14:57,2026-02-01 03:14:57,2026-01-31,00132D30F8B7E1B7,00132B76FE186599,00132BB36CC7542E,16777985
172,Refeitorio,Ceia,2026-02-01 06:17:12,2026-02-01 03:17:12,2026-01-31,00138D8C0ABF6194,00132B76FE186599,00132BB36CC7542E,16777985
173,Refeitorio,Ceia,2026-02-01 06:17:48,2026-02-01 03:17:48,2026-01-31,0013F8D0ACBF76E6,00132B76FE186599,00132BB36CC7542E,16777985
174,Refeitorio,Ceia,2026-02-01 06:17:57,2026-02-01 03:17:57,2026-01-31,001344D9BE745D9D,00132B76FE186599,00132BB36CC7542E,16777985
175,Refeitorio,Ceia,2026-02-01 06:19:14,2026-02-01 03:19:14,2026-01-31,0013ED8F2F669C9C,00132B76FE186599,00132BB36CC7542E,16777985
176,Refeitorio,Ceia,2026-02-01 06:19:42,2026-02-01 03:19:42,2026-01-31,00139167A30DBEFA,00132B76FE186599,00132BB36CC7542E,16777985
177,Refeitorio,Ceia,2026-02-01 06:20:26,2026-02-01 03:20:26,2026-01-31,00132D30FF5D051F,00132B76FE186599,00132BB36CC7542E,16777985
178,Refeitorio,Ceia,2026-02-01 06:20:49,2026-02-01 03:20:49,2026-01-31,00135AC1B16B23E7,00132B76FE186599,00132BB36CC7542E,16777985
179,Refeitorio,Ceia,2026-02-01 06:20:55,2026-02-01 03:20:55,2026-01-31,00132D30E80E84CA,00132B76FE186599,00132BB36CC7542E,16777985
180,Refeitorio,Ceia,2026-02-01 06:24:22,2026-02-01 03:24:22,2026-01-31,00139F749A12B35F,00132B76FE186599,00132BB36CC7542E,16777985
181,Refeitorio,Ceia,2026-02-01 06:25:40,2026-02-01 03:25:40,2026-01-31,00132D30E794EC76,00132B76FE186599,00132BB36CC7542E,16777985
182,Refeitorio,Ceia,2026-02-01 06:28:40,2026-02-01 03:28:40,2026-01-31,0014009425C8FDB9,00132B76FE186599,00132BB36CC7542E,16777985
183,Refeitorio,Ceia,2026-02-01 06:32:30,2026-02-01 03:32:30,2026-01-31,00132D30FD928905,00132B76FE186599,00132BB36CC7542E,16777985
184,Refeitorio,Ceia,2026-02-01 06:34:12,2026-02-01 03:34:12,2026-01-31,0013CB0EC454CE7E,00132B76FE186599,00132BB36CC7542E,16777985
185,Refeitorio,Ceia,2026-02-01 06:35:47,2026-02-01 03:35:47,2026-01-31,00132FD0E3F2637B,00132B76FE186599,00132BB36CC7542E,16777985
186,Refeitorio,Ceia,2026-02-01 06:37:45,2026-02-01 03:37:45,2026-01-31,00132D30FE586CD9,00132B76FE186599,00132BB36CC7542E,16777985
187,Refeitorio,Ceia,2026-02-01 06:39:45,2026-02-01 03:39:45,2026-01-31,0013727ED75513D2,00132B76FE186599,00132BB36CC7542E,16777985
188,Refeitorio,Ceia,2026-02-01 06:40:47,2026-02-01 03:40:47,2026-01-31,00136175F9F42320,00132B76FE186599,00132BB36CC7542E,16777985
189,Refeitorio,Ceia,2026-02-01 06:40:52,2026-02-01 03:40:52,2026-01-31,00132D3100B7EC6A,00132B76FE186599,00132BB36CC7542E,16777985
190,Refeitorio,Ceia,2026-02-01 06:41:28,2026-02-01 03:41:28,2026-01-31,00132D30E5BA39E8,00132B76FE186599,00132BB36CC7542E,16777985
191,Refeitorio,Ceia,2026-02-01 06:41:32,2026-02-01 03:41:32,2026-01-31,001372076325D4ED,00132B76FE186599,00132BB36CC7542E,16777985
192,Refeitorio,Ceia,2026-02-01 06:42:12,2026-02-01 03:42:12,2026-01-31,001404D5C63E52CF,00132B76FE186599,00132BB36CC7542E,16777985
193,Refeitorio,Ceia,2026-02-01 06:42:16,2026-02-01 03:42:16,2026-01-31,00132FD0E697FA80,00132B76FE186599,00132BB36CC7542E,16777985
194,Refeitorio,Ceia,2026-02-01 06:42:20,2026-02-01 03:42:20,2026-01-31,00132D3105ADFEDA,00132B76FE186599,00132BB36CC7542E,16777985
195,Refeitorio,Ceia,2026-02-01 06:43:11,2026-02-01 03:43:11,2026-01-31,001335EDAF2ACCA0,00132B76FE186599,00132BB36CC7542E,16777985
196,Refeitorio,Ceia,2026-02-01 06:44:29,2026-02-01 03:44:29,2026-01-31,00132D30F564004F,00132B76FE186599,00132BB36CC7542E,16777985
197,Refeitorio,Ceia,2026-02-01 06:44:32,2026-02-01 03:44:32,2026-01-31,00132D30FA9BA3A4,00132B76FE186599,00132BB36CC7542E,16777985
198,Refeitorio,Ceia,2026-02-01 06:48:10,2026-02-01 03:48:10,2026-01-31,00138ACB5E4F83DE,00132B76FE186599,00132BB36CC7542E,16777985
199,Refeitorio,Ceia,2026-02-01 06:49:33,2026-02-01 03:49:33,2026-01-31,00132D30E6AFCCF1,00132B76FE186599,00132BB36CC7542E,16777985
200,Refeitorio,Ceia,2026-02-01 06:50:54,2026-02-01 03:50:54,2026-01-31,0013B848A928E109,00132B76FE186599,00132BB36CC7542E,16777985
201,Refeitorio,Ceia,2026-02-01 06:51:33,2026-02-01 03:51:33,2026-01-31,001350009D568A6A,00132B76FE186599,00132BB36CC7542E,16777985
202,Refeitorio,Ceia,2026-02-01 06:56:21,2026-02-01 03:56:21,2026-01-31,00132D30E8193F68,00132B76FE186599,00132BB36CC7542E,16777985
203,Refeitorio,Ceia,2026-02-01 06:57:19,2026-02-01 03:57:19,2026-01-31,001370F39503E7C1,00132B76FE186599,00132BB36CC7542E,16777985
204,Refeitorio,Desejum,2026-02-01 08:28:59,2026-02-01 05:28:59,2026-02-01,00132D30F139C798,00132B76FE186599,00132BB36CC7542E,16777985
205,Refeitorio,Desejum,2026-02-01 08:29:02,2026-02-01 05:29:02,2026-02-01,0013E97C74750CD2,00132B76FE186599,00132BB36CC7542E,16777985
206,Refeitorio,Desejum,2026-02-01 08:29:11,2026-02-01 05:29:11,2026-02-01,0013F0A5085316C5,00132B76FE186599,00132BB36CC7542E,16777985
207,Refeitorio,Desejum,2026-02-01 08:29:14,2026-02-01 05:29:14,2026-02-01,0014015B8634031A,00132B76FE186599,00132BB36CC7542E,16777985
208,Refeitorio,Desejum,2026-02-01 08:29:17,2026-02-01 05:29:17,2026-02-01,0013F9BC585F60AE,00132B76FE186599,00132BB36CC7542E,16777985
209,Refeitorio,Desejum,2026-02-01 08:29:20,2026-02-01 05:29:20,2026-02-01,00132D30E6FB6150,00132B76FE186599,00132BB36CC7542E,16777985
210,Refeitorio,Desejum,2026-02-01 08:29:23,2026-02-01 05:29:23,2026-02-01,00132FD0DE9B86B0,00132B76FE186599,00132BB36CC7542E,16777985
211,Refeitorio,Desejum,2026-02-01 08:29:27,2026-02-01 05:29:27,2026-02-01,0013D353AEB592D8,00132B76FE186599,00132BB36CC7542E,16777985
212,Refeitorio,Desejum,2026-02-01 08:29:31,2026-02-01 05:29:31,2026-02-01,00132D30EEA9E1B9,00132B76FE186599,00132BB36CC7542E,16777985
213,Refeitorio,Desejum,2026-02-01 08:29:33,2026-02-01 05:29:33,2026-02-01,0014042F5FEB794A,00132B76FE186599,00132BB36CC7542E,16777985
214,Refeitorio,Desejum,2026-02-01 08:29:37,2026-02-01 05:29:37,2026-02-01,0013DC809550FB38,00132B76FE186599,00132BB36CC7542E,16777985
215,Refeitorio,Desejum,2026-02-01 08:29:41,2026-02-01 05:29:41,2026-02-01,0013A5D196E6CE85,00132B76FE186599,00132BB36CC7542E,16777985
216,Refeitorio,Desejum,2026-02-01 08:29:44,2026-02-01 05:29:44,2026-02-01,0013F1B939AA5149,00132B76FE186599,00132BB36CC7542E,16777985
217,Refeitorio,Desejum,2026-02-01 08:29:49,2026-02-01 05:29:49,2026-02-01,001408AA1003A5CB,00132B76FE186599,00132BB36CC7542E,16777985
218,Refeitorio,Desejum,2026-02-01 08:29:53,2026-02-01 05:29:53,2026-02-01,00134ED400709E83,00132B76FE186599,00132BB36CC7542E,16777985
219,Refeitorio,Desejum,2026-02-01 08:29:56,2026-02-01 05:29:56,2026-02-01,00132FD0DF2B0E14,00132B76FE186599,00132BB36CC7542E,16777985
220,Refeitorio,Desejum,2026-02-01 08:30:01,2026-02-01 05:30:01,2026-02-01,001400D2F0596DDE,00132B76FE186599,00132BB36CC7542E,16777985
221,Refeitorio,Desejum,2026-02-01 08:30:05,2026-02-01 05:30:05,2026-02-01,0013F0DADD450A66,00132B76FE186599,00132BB36CC7542E,16777985
222,Refeitorio,Desejum,2026-02-01 08:30:09,2026-02-01 05:30:09,2026-02-01,0013EB9AD20028B3,00132B76FE186599,00132BB36CC7542E,16777985
223,Refeitorio,Desejum,2026-02-01 08:30:13,2026-02-01 05:30:13,2026-02-01,00132D30F2539806,00132B76FE186599,00132BB36CC7542E,16777985
224,Refeitorio,Desejum,2026-02-01 08:30:18,2026-02-01 05:30:18,2026-02-01,0014054F7D467D37,00132B76FE186599,00132BB36CC7542E,16777985
225,Refeitorio,Desejum,2026-02-01 08:31:18,2026-02-01 05:31:18,2026-02-01,0013D47CD7CAF18F,00132B76FE186599,00132BB36CC7542E,16777985
226,Refeitorio,Desejum,2026-02-01 08:32:08,2026-02-01 05:32:08,2026-02-01,00132D30E67A27C9,00132B76FE186599,00132BB36CC7542E,16777985
227,Refeitorio,Desejum,2026-02-01 08:32:11,2026-02-01 05:32:11,2026-02-01,00132FD0DF41F180,00132B76FE186599,00132BB36CC7542E,16777985
228,Refeitorio,Desejum,2026-02-01 08:32:14,2026-02-01 05:32:14,2026-02-01,0013F2D22842392B,00132B76FE186599,00132BB36CC7542E,16777985
229,Refeitorio,Desejum,2026-02-01 08:33:16,2026-02-01 05:33:16,2026-02-01,0013E321052DF382,00132B76FE186599,00132BB36CC7542E,16777985
230,Refeitorio,Desejum,2026-02-01 08:33:21,2026-02-01 05:33:21,2026-02-01,00132D30F537A7A1,00132B76FE186599,00132BB36CC7542E,16777985
231,Refeitorio,Desejum,2026-02-01 08:33:37,2026-02-01 05:33:37,2026-02-01,001401FD0A1DAA58,00132B76FE186599,00132BB36CC7542E,16777985
232,Refeitorio,Desejum,2026-02-01 08:33:41,2026-02-01 05:33:41,2026-02-01,001409AFAABC7701,00132B76FE186599,00132BB36CC7542E,16777985
233,Refeitorio,Desejum,2026-02-01 08:34:57,2026-02-01 05:34:57,2026-02-01,00139F7654A7A94D,00132B76FE186599,00132BB36CC7542E,16777985
234,Refeitorio,Desejum,2026-02-01 08:35:02,2026-02-01 05:35:02,2026-02-01,00132FD0E0D01AE1,00132B76FE186599,00132BB36CC7542E,16777985
235,Refeitorio,Desejum,2026-02-01 08:35:09,2026-02-01 05:35:09,2026-02-01,0013F0A5115D5D8D,00132B76FE186599,00132BB36CC7542E,16777985
236,Refeitorio,Desejum,2026-02-01 08:35:15,2026-02-01 05:35:15,2026-02-01,00132D30F6C055D0,00132B76FE186599,00132BB36CC7542E,16777985
237,Refeitorio,Desejum,2026-02-01 08:35:22,2026-02-01 05:35:22,2026-02-01,00132FD0E6A49D62,00132B76FE186599,00132BB36CC7542E,16777985
238,Refeitorio,Desejum,2026-02-01 08:35:42,2026-02-01 05:35:42,2026-02-01,0013B6F1E0149C82,00132B76FE186599,00132BB36CC7542E,16777985
239,Refeitorio,Desejum,2026-02-01 08:36:00,2026-02-01 05:36:00,2026-02-01,0013832EE0FA9DF9,00132B76FE186599,00132BB36CC7542E,16777985
240,Refeitorio,Desejum,2026-02-01 08:36:31,2026-02-01 05:36:31,2026-02-01,0013B486B5E72AB1,00132B76FE186599,00132BB36CC7542E,16777985
241,Refeitorio,Desejum,2026-02-01 08:36:35,2026-02-01 05:36:35,2026-02-01,0013B486B530B0CD,00132B76FE186599,00132BB36CC7542E,16777985
242,Refeitorio,Desejum,2026-02-01 08:36:55,2026-02-01 05:36:55,2026-02-01,001385BFD4C84277,00132B76FE186599,00132BB36CC7542E,16777985
243,Refeitorio,Desejum,2026-02-01 08:38:03,2026-02-01 05:38:03,2026-02-01,0013F0DADBE054A5,00132B76FE186599,00132BB36CC7542E,16777985
244,Refeitorio,Desejum,2026-02-01 08:38:55,2026-02-01 05:38:55,2026-02-01,00139E203964C255,00132B76FE186599,00132BB36CC7542E,16777985
245,Refeitorio,Desejum,2026-02-01 08:38:58,2026-02-01 05:38:58,2026-02-01,001366F934EB60F9,00132B76FE186599,00132BB36CC7542E,16777985
246,Refeitorio,Desejum,2026-02-01 08:39:27,2026-02-01 05:39:27,2026-02-01,0013C1F04C518EFC,00132B76FE186599,00132BB36CC7542E,16777985
247,Refeitorio,Desejum,2026-02-01 08:39:34,2026-02-01 05:39:34,2026-02-01,00132D30F5A59130,00132B76FE186599,00132BB36CC7542E,16777985
248,Refeitorio,Desejum,2026-02-01 08:40:02,2026-02-01 05:40:02,2026-02-01,00133CFD522F7A90,00132B76FE186599,00132BB36CC7542E,16777985
249,Refeitorio,Desejum,2026-02-01 08:40:11,2026-02-01 05:40:11,2026-02-01,00140B420EFE7401,00132B76FE186599,00132BB36CC7542E,16777985
250,Refeitorio,Desejum,2026-02-01 08:41:07,2026-02-01 05:41:07,2026-02-01,0013344DC59417BE,00132B76FE186599,00132BB36CC7542E,16777985
251,Refeitorio,Desejum,2026-02-01 08:41:24,2026-02-01 05:41:24,2026-02-01,0013E5DFA0B6FBDA,00132B76FE186599,00132BB36CC7542E,16777985
252,Refeitorio,Desejum,2026-02-01 08:41:31,2026-02-01 05:41:31,2026-02-01,0013CDAB96512869,00132B76FE186599,00132BB36CC7542E,16777985
253,Refeitorio,Desejum,2026-02-01 08:42:14,2026-02-01 05:42:14,2026-02-01,0013F9BC5EA561A2,00132B76FE186599,00132BB36CC7542E,16777985
254,Refeitorio,Desejum,2026-02-01 08:42:20,2026-02-01 05:42:20,2026-02-01,00132D30FDC8E535,00132B76FE186599,00132BB36CC7542E,16777985
255,Refeitorio,Desejum,2026-02-01 08:42:42,2026-02-01 05:42:42,2026-02-01,00137256FB2FC70E,00132B76FE186599,00132BB36CC7542E,16777985
256,Refeitorio,Desejum,2026-02-01 08:42:52,2026-02-01 05:42:52,2026-02-01,0013FF3B9A4F7B14,00132B76FE186599,00132BB36CC7542E,16777985
257,Refeitorio,Desejum,2026-02-01 08:42:57,2026-02-01 05:42:57,2026-02-01,0013B89F66B80DD3,00132B76FE186599,00132BB36CC7542E,16777985
258,Refeitorio,Desejum,2026-02-01 08:43:11,2026-02-01 05:43:11,2026-02-01,0013C4030F2CB12D,00132B76FE186599,00132BB36CC7542E,16777985
259,Refeitorio,Desejum,2026-02-01 08:43:44,2026-02-01 05:43:44,2026-02-01,00134FF02CDFED1D,00132B76FE186599,00132BB36CC7542E,16777985
260,Refeitorio,Desejum,2026-02-01 08:44:09,2026-02-01 05:44:09,2026-02-01,0013DFF7290AB5FB,00132B76FE186599,00132BB36CC7542E,16777985
261,Refeitorio,Desejum,2026-02-01 08:44:15,2026-02-01 05:44:15,2026-02-01,001400942BC1CDEE,00132B76FE186599,00132BB36CC7542E,16777985
262,Refeitorio,Desejum,2026-02-01 08:44:30,2026-02-01 05:44:30,2026-02-01,0013E320F1D77D9A,00132B76FE186599,00132BB36CC7542E,16777985
263,Refeitorio,Desejum,2026-02-01 08:44:32,2026-02-01 05:44:32,2026-02-01,0014027681FB1DE5,00132B76FE186599,00132BB36CC7542E,16777985
264,Refeitorio,Desejum,2026-02-01 08:45:24,2026-02-01 05:45:24,2026-02-01,00133E678E05A0E4,00132B76FE186599,00132BB36CC7542E,16777985
265,Refeitorio,Desejum,2026-02-01 08:45:48,2026-02-01 05:45:48,2026-02-01,00138F4268D6CCD6,00132B76FE186599,00132BB36CC7542E,16777985
266,Refeitorio,Desejum,2026-02-01 08:46:35,2026-02-01 05:46:35,2026-02-01,00134178460E7F14,00132B76FE186599,00132BB36CC7542E,16777985
267,Refeitorio,Desejum,2026-02-01 08:47:38,2026-02-01 05:47:38,2026-02-01,0013DFF72B1D2349,00132B76FE186599,00132BB36CC7542E,16777985
268,Refeitorio,Desejum,2026-02-01 08:48:43,2026-02-01 05:48:43,2026-02-01,0013E5DFB566E5B7,00132B76FE186599,00132BB36CC7542E,16777985
269,Refeitorio,Desejum,2026-02-01 08:49:25,2026-02-01 05:49:25,2026-02-01,0013F3D739447F17,00132B76FE186599,00132BB36CC7542E,16777985
270,Refeitorio,Desejum,2026-02-01 08:49:29,2026-02-01 05:49:29,2026-02-01,0013F39C1E73A93E,00132B76FE186599,00132BB36CC7542E,16777985
271,Refeitorio,Desejum,2026-02-01 08:49:35,2026-02-01 05:49:35,2026-02-01,0013F62047B1EAC2,00132B76FE186599,00132BB36CC7542E,16777985
272,Refeitorio,Desejum,2026-02-01 08:49:38,2026-02-01 05:49:38,2026-02-01,0013B486ADEA40E1,00132B76FE186599,00132BB36CC7542E,16777985
273,Refeitorio,Desejum,2026-02-01 08:49:43,2026-02-01 05:49:43,2026-02-01,0014041B416358CC,00132B76FE186599,00132BB36CC7542E,16777985
274,Refeitorio,Desejum,2026-02-01 08:50:05,2026-02-01 05:50:05,2026-02-01,001404A7BBE30745,00132B76FE186599,00132BB36CC7542E,16777985
275,Refeitorio,Desejum,2026-02-01 08:50:10,2026-02-01 05:50:10,2026-02-01,00132D30EF4CB946,00132B76FE186599,00132BB36CC7542E,16777985
276,Refeitorio,Desejum,2026-02-01 08:50:13,2026-02-01 05:50:13,2026-02-01,00132D30F26AF599,00132B76FE186599,00132BB36CC7542E,16777985
277,Refeitorio,Desejum,2026-02-01 08:50:17,2026-02-01 05:50:17,2026-02-01,00132D30F2D6B9D6,00132B76FE186599,00132BB36CC7542E,16777985
278,Refeitorio,Desejum,2026-02-01 08:51:54,2026-02-01 05:51:54,2026-02-01,00132D3105CF5FE2,00132B76FE186599,00132BB36CC7542E,16777985
279,Refeitorio,Desejum,2026-02-01 08:52:10,2026-02-01 05:52:10,2026-02-01,00139E0C93F457DA,00132B76FE186599,00132BB36CC7542E,16777985
280,Refeitorio,Desejum,2026-02-01 08:52:29,2026-02-01 05:52:29,2026-02-01,001370F39A54D4C5,00132B76FE186599,00132BB36CC7542E,16777985
281,Refeitorio,Desejum,2026-02-01 08:52:41,2026-02-01 05:52:41,2026-02-01,0013B486ACF0E224,00132B76FE186599,00132BB36CC7542E,16777985
282,Refeitorio,Desejum,2026-02-01 08:52:46,2026-02-01 05:52:46,2026-02-01,00132D30F4F55FA9,00132B76FE186599,00132BB36CC7542E,16777985
283,Refeitorio,Desejum,2026-02-01 08:53:16,2026-02-01 05:53:16,2026-02-01,001403950DCD952F,00132B76FE186599,00132BB36CC7542E,16777985
284,Refeitorio,Desejum,2026-02-01 08:53:24,2026-02-01 05:53:24,2026-02-01,0013ED92C641AEC2,00132B76FE186599,00132BB36CC7542E,16777985
285,Refeitorio,Desejum,2026-02-01 08:53:41,2026-02-01 05:53:41,2026-02-01,00133E625C1B98B9,00132B76FE186599,00132BB36CC7542E,16777985
286,Refeitorio,Desejum,2026-02-01 08:54:13,2026-02-01 05:54:13,2026-02-01,0014054F920802A1,00132B76FE186599,00132BB36CC7542E,16777985
287,Refeitorio,Desejum,2026-02-01 08:54:41,2026-02-01 05:54:41,2026-02-01,0013C578441BF3D2,00132B76FE186599,00132BB36CC7542E,16777985
288,Refeitorio,Desejum,2026-02-01 08:55:47,2026-02-01 05:55:47,2026-02-01,0013DFF71E05B7E1,00132B76FE186599,00132BB36CC7542E,16777985
289,Refeitorio,Desejum,2026-02-01 08:56:25,2026-02-01 05:56:25,2026-02-01,0013378303E085C9,00132B76FE186599,00132BB36CC7542E,16777985
290,Refeitorio,Desejum,2026-02-01 08:57:24,2026-02-01 05:57:24,2026-02-01,0013458C6A613DF6,00132B76FE186599,00132BB36CC7542E,16777985
291,Refeitorio,Desejum,2026-02-01 08:59:30,2026-02-01 05:59:30,2026-02-01,00132FD0E151171C,00132B76FE186599,00132BB36CC7542E,16777985
292,Refeitorio,Desejum,2026-02-01 08:59:34,2026-02-01 05:59:34,2026-02-01,0013F0EFD839567E,00132B76FE186599,00132BB36CC7542E,16777985
293,Refeitorio,Desejum,2026-02-01 09:05:53,2026-02-01 06:05:53,2026-02-01,00132FD0E52E88A0,00132B76FE186599,00132BB36CC7542E,16777985
294,Refeitorio,Desejum,2026-02-01 09:07:03,2026-02-01 06:07:03,2026-02-01,0013942663968A68,00132B76FE186599,00132BB36CC7542E,16777985
295,Refeitorio,Desejum,2026-02-01 09:07:06,2026-02-01 06:07:06,2026-02-01,001396D0A64748A3,00132B76FE186599,00132BB36CC7542E,16777985
296,Refeitorio,Desejum,2026-02-01 09:07:12,2026-02-01 06:07:12,2026-02-01,001405C211B0DC3C,00132B76FE186599,00132BB36CC7542E,16777985
297,Refeitorio,Desejum,2026-02-01 09:07:15,2026-02-01 06:07:15,2026-02-01,0013F062A9C432E9,00132B76FE186599,00132BB36CC7542E,16777985
298,Refeitorio,Desejum,2026-02-01 09:08:04,2026-02-01 06:08:04,2026-02-01,0014041B493AC8FD,00132B76FE186599,00132BB36CC7542E,16777985
299,Refeitorio,Desejum,2026-02-01 09:09:17,2026-02-01 06:09:17,2026-02-01,00139F76431AA1D8,00132B76FE186599,00132BB36CC7542E,16777985
300,Refeitorio,Desejum,2026-02-01 09:09:20,2026-02-01 06:09:20,2026-02-01,00135C0A5160A986,00132B76FE186599,00132BB36CC7542E,16777985
301,Refeitorio,Desejum,2026-02-01 09:10:31,2026-02-01 06:10:31,2026-02-01,0013E3D55BEED8A9,00132B76FE186599,00132BB36CC7542E,16777985
302,Refeitorio,Desejum,2026-02-01 09:10:35,2026-02-01 06:10:35,2026-02-01,001385BFC31BFFF5,00132B76FE186599,00132BB36CC7542E,16777985
303,Refeitorio,Desejum,2026-02-01 09:10:53,2026-02-01 06:10:53,2026-02-01,001373C2E161B0E2,00132B76FE186599,00132BB36CC7542E,16777985
304,Refeitorio,Desejum,2026-02-01 09:11:16,2026-02-01 06:11:16,2026-02-01,0013F1B93B0A500F,00132B76FE186599,00132BB36CC7542E,16777985
305,Refeitorio,Desejum,2026-02-01 09:12:57,2026-02-01 06:12:57,2026-02-01,0013C863FDE92202,00132B76FE186599,00132BB36CC7542E,16777985
306,Refeitorio,Desejum,2026-02-01 09:13:08,2026-02-01 06:13:08,2026-02-01,0013CDAB941F247C,00132B76FE186599,00132BB36CC7542E,16777985
307,Refeitorio,Desejum,2026-02-01 09:13:35,2026-02-01 06:13:35,2026-02-01,0013E5DF7D1752AD,00132B76FE186599,00132BB36CC7542E,16777985
308,Refeitorio,Desejum,2026-02-01 09:13:44,2026-02-01 06:13:44,2026-02-01,00132D30FBD4B180,00132B76FE186599,00132BB36CC7542E,16777985
309,Refeitorio,Desejum,2026-02-01 09:15:13,2026-02-01 06:15:13,2026-02-01,0013D5E9766B4BC7,00132B76FE186599,00132BB36CC7542E,16777985
310,Refeitorio,Desejum,2026-02-01 09:15:25,2026-02-01 06:15:25,2026-02-01,0013F1F5F06498BA,00132B76FE186599,00132BB36CC7542E,16777985
311,Refeitorio,Desejum,2026-02-01 09:15:29,2026-02-01 06:15:29,2026-02-01,001402767D474AAA,00132B76FE186599,00132BB36CC7542E,16777985
312,Refeitorio,Desejum,2026-02-01 09:16:03,2026-02-01 06:16:03,2026-02-01,00132FD0E09442EF,00132B76FE186599,00132BB36CC7542E,16777985
313,Refeitorio,Desejum,2026-02-01 09:17:21,2026-02-01 06:17:21,2026-02-01,00132FD0E2A08C1E,00132B76FE186599,00132BB36CC7542E,16777985
314,Refeitorio,Desejum,2026-02-01 09:17:23,2026-02-01 06:17:23,2026-02-01,00132D30E732749D,00132B76FE186599,00132BB36CC7542E,16777985
315,Refeitorio,Desejum,2026-02-01 09:18:06,2026-02-01 06:18:06,2026-02-01,0013F8D1597A4BD7,00132B76FE186599,00132BB36CC7542E,16777985
316,Refeitorio,Desejum,2026-02-01 09:18:14,2026-02-01 06:18:14,2026-02-01,00132D30E83B9495,00132B76FE186599,00132BB36CC7542E,16777985
317,Refeitorio,Desejum,2026-02-01 09:18:35,2026-02-01 06:18:35,2026-02-01,0013EB9ACE4B826E,00132B76FE186599,00132BB36CC7542E,16777985
318,Refeitorio,Desejum,2026-02-01 09:18:40,2026-02-01 06:18:40,2026-02-01,0013E62C263C56B7,00132B76FE186599,00132BB36CC7542E,16777985
319,Refeitorio,Desejum,2026-02-01 09:18:43,2026-02-01 06:18:43,2026-02-01,0013EB35829F8A60,00132B76FE186599,00132BB36CC7542E,16777985
320,Refeitorio,Desejum,2026-02-01 09:18:46,2026-02-01 06:18:46,2026-02-01,00132D30FA866B73,00132B76FE186599,00132BB36CC7542E,16777985
321,Refeitorio,Desejum,2026-02-01 09:18:49,2026-02-01 06:18:49,2026-02-01,00138F432F15DB65,00132B76FE186599,00132BB36CC7542E,16777985
322,Refeitorio,Desejum,2026-02-01 09:18:54,2026-02-01 06:18:54,2026-02-01,0013DA51D54E3845,00132B76FE186599,00132BB36CC7542E,16777985
323,Refeitorio,Desejum,2026-02-01 09:18:58,2026-02-01 06:18:58,2026-02-01,00132D30F695A856,00132B76FE186599,00132BB36CC7542E,16777985
324,Refeitorio,Desejum,2026-02-01 09:19:00,2026-02-01 06:19:00,2026-02-01,0013B7F82AA70249,00132B76FE186599,00132BB36CC7542E,16777985
325,Refeitorio,Desejum,2026-02-01 09:19:05,2026-02-01 06:19:05,2026-02-01,0013F062B4448965,00132B76FE186599,00132BB36CC7542E,16777985
326,Refeitorio,Desejum,2026-02-01 09:21:40,2026-02-01 06:21:40,2026-02-01,00132D30FFB3912A,00132B76FE186599,00132BB36CC7542E,16777985
327,Refeitorio,Desejum,2026-02-01 09:22:57,2026-02-01 06:22:57,2026-02-01,00132FD0E639CD75,00132B76FE186599,00132BB36CC7542E,16777985
328,Refeitorio,Desejum,2026-02-01 09:24:48,2026-02-01 06:24:48,2026-02-01,0013A91D9480DA70,00132B76FE186599,00132BB36CC7542E,16777985
329,Refeitorio,Desejum,2026-02-01 09:26:34,2026-02-01 06:26:34,2026-02-01,0013DD1207DBCC58,00132B76FE186599,00132BB36CC7542E,16777985
330,Refeitorio,Desejum,2026-02-01 09:26:37,2026-02-01 06:26:37,2026-02-01,0013DFF730C55915,00132B76FE186599,00132BB36CC7542E,16777985
331,Refeitorio,Desejum,2026-02-01 09:28:23,2026-02-01 06:28:23,2026-02-01,001341A417B550B6,00132B76FE186599,00132BB36CC7542E,16777985
332,Refeitorio,Desejum,2026-02-01 09:28:26,2026-02-01 06:28:26,2026-02-01,0013C751B6240379,00132B76FE186599,00132BB36CC7542E,16777985
333,Refeitorio,Desejum,2026-02-01 09:28:29,2026-02-01 06:28:29,2026-02-01,0013D8CEFD1CFC3E,00132B76FE186599,00132BB36CC7542E,16777985
334,Refeitorio,Desejum,2026-02-01 09:28:32,2026-02-01 06:28:32,2026-02-01,0013C7295B711F44,00132B76FE186599,00132BB36CC7542E,16777985
335,Refeitorio,Desejum,2026-02-01 09:30:59,2026-02-01 06:30:59,2026-02-01,001408AA40789012,00132B76FE186599,00132BB36CC7542E,16777985
336,Refeitorio,Desejum,2026-02-01 09:33:10,2026-02-01 06:33:10,2026-02-01,0013E818B85E0C94,00132B76FE186599,00132BB36CC7542E,16777985
337,Refeitorio,Desejum,2026-02-01 09:33:20,2026-02-01 06:33:20,2026-02-01,0013E818564E72A9,00132B76FE186599,00132BB36CC7542E,16777985
338,Refeitorio,Desejum,2026-02-01 09:35:56,2026-02-01 06:35:56,2026-02-01,0013CFA0C91EE82A,00132B76FE186599,00132BB36CC7542E,16777985
339,Refeitorio,Desejum,2026-02-01 09:36:24,2026-02-01 06:36:24,2026-02-01,00139E2043F8A7BA,00132B76FE186599,00132BB36CC7542E,16777985
340,Refeitorio,Desejum,2026-02-01 09:36:28,2026-02-01 06:36:28,2026-02-01,0013D7DEAB28DD31,00132B76FE186599,00132BB36CC7542E,16777985
341,Refeitorio,Desejum,2026-02-01 09:36:34,2026-02-01 06:36:34,2026-02-01,0013DA51D02422DE,00132B76FE186599,00132BB36CC7542E,16777985
342,Refeitorio,Desejum,2026-02-01 09:38:03,2026-02-01 06:38:03,2026-02-01,00139F0FFD3EA0A5,00132B76FE186599,00132BB36CC7542E,16777985
343,Refeitorio,Desejum,2026-02-01 09:39:12,2026-02-01 06:39:12,2026-02-01,0013F6DCD5CA48CF,00132B76FE186599,00132BB36CC7542E,16777985
344,Refeitorio,Desejum,2026-02-01 09:39:37,2026-02-01 06:39:37,2026-02-01,0013E0FFD749A857,00132B76FE186599,00132BB36CC7542E,16777985
345,Refeitorio,Desejum,2026-02-01 09:39:44,2026-02-01 06:39:44,2026-02-01,0013E62C26F852D3,00132B76FE186599,00132BB36CC7542E,16777985
346,Refeitorio,Desejum,2026-02-01 09:40:30,2026-02-01 06:40:30,2026-02-01,001343D2CFF69671,00132B76FE186599,00132BB36CC7542E,16777985
347,Refeitorio,Desejum,2026-02-01 09:42:12,2026-02-01 06:42:12,2026-02-01,0014007DE509D326,00132B76FE186599,00132BB36CC7542E,16777985
348,Refeitorio,Desejum,2026-02-01 09:46:06,2026-02-01 06:46:06,2026-02-01,00137EC079ACDDBA,00132B76FE186599,00132BB36CC7542E,16777985
349,Refeitorio,Desejum,2026-02-01 09:46:09,2026-02-01 06:46:09,2026-02-01,001369526E558913,00132B76FE186599,00132BB36CC7542E,16777985
350,Refeitorio,Ceia,2026-02-02 02:02:13,2026-02-01 23:02:13,2026-02-01,0014042F6392EC00,00132B76FE186599,00132BB36CC7542E,16777985
351,Refeitorio,Ceia,2026-02-02 02:02:23,2026-02-01 23:02:23,2026-02-01,00132D30F2F857E7,00132B76FE186599,00132BB36CC7542E,16777985
352,Refeitorio,Ceia,2026-02-02 02:02:32,2026-02-01 23:02:32,2026-02-01,0013B904061EB2F6,00132B76FE186599,00132BB36CC7542E,16777985
353,Refeitorio,Ceia,2026-02-02 02:02:35,2026-02-01 23:02:35,2026-02-01,0013B3B6929ABE42,00132B76FE186599,00132BB36CC7542E,16777985
354,Refeitorio,Ceia,2026-02-02 02:02:37,2026-02-01 23:02:37,2026-02-01,0013F1F5F06498BA,00132B76FE186599,00132BB36CC7542E,16777985
355,Refeitorio,Ceia,2026-02-02 02:02:41,2026-02-01 23:02:41,2026-02-01,0013F6ED16CA1724,00132B76FE186599,00132BB36CC7542E,16777985
356,Refeitorio,Ceia,2026-02-02 02:02:44,2026-02-01 23:02:44,2026-02-01,00134C1837C85014,00132B76FE186599,00132BB36CC7542E,16777985
357,Refeitorio,Ceia,2026-02-02 02:03:05,2026-02-01 23:03:05,2026-02-01,0013E89B03EE0507,00132B76FE186599,00132BB36CC7542E,16777985
358,Refeitorio,Ceia,2026-02-02 02:03:14,2026-02-01 23:03:14,2026-02-01,0013C1C6D3DE53A2,00132B76FE186599,00132BB36CC7542E,16777985
359,Refeitorio,Ceia,2026-02-02 02:03:58,2026-02-01 23:03:58,2026-02-01,00132D30F0081F86,00132B76FE186599,00132BB36CC7542E,16777985
360,Refeitorio,Ceia,2026-02-02 02:04:13,2026-02-01 23:04:13,2026-02-01,0013F92F6E0C4B5D,00132B76FE186599,00132BB36CC7542E,16777985
361,Refeitorio,Ceia,2026-02-02 02:04:20,2026-02-01 23:04:20,2026-02-01,00139F749A12B35F,00132B76FE186599,00132BB36CC7542E,16777985
362,Refeitorio,Ceia,2026-02-02 02:04:23,2026-02-01 23:04:23,2026-02-01,0013F8D2CF0F5031,00132B76FE186599,00132BB36CC7542E,16777985
363,Refeitorio,Ceia,2026-02-02 02:04:26,2026-02-01 23:04:26,2026-02-01,00134ED33F419D1A,00132B76FE186599,00132BB36CC7542E,16777985
364,Refeitorio,Ceia,2026-02-02 02:04:29,2026-02-01 23:04:29,2026-02-01,00132D30F8CD19DE,00132B76FE186599,00132BB36CC7542E,16777985
365,Refeitorio,Ceia,2026-02-02 02:04:44,2026-02-01 23:04:44,2026-02-01,001344D9BE745D9D,00132B76FE186599,00132BB36CC7542E,16777985
366,Refeitorio,Ceia,2026-02-02 02:05:11,2026-02-01 23:05:11,2026-02-01,0013F062B4448965,00132B76FE186599,00132BB36CC7542E,16777985
367,Refeitorio,Ceia,2026-02-02 02:09:14,2026-02-01 23:09:14,2026-02-01,0013380B34C626FF,00132B76FE186599,00132BB36CC7542E,16777985
368,Refeitorio,Ceia,2026-02-02 02:12:40,2026-02-01 23:12:40,2026-02-01,0013BA7853EE086B,00132B76FE186599,00132BB36CC7542E,16777985
369,Refeitorio,Ceia,2026-02-02 02:13:38,2026-02-01 23:13:38,2026-02-01,0013C403153702DA,00132B76FE186599,00132BB36CC7542E,16777985
370,Refeitorio,Ceia,2026-02-02 02:13:53,2026-02-01 23:13:53,2026-02-01,0013C403169EB5D2,00132B76FE186599,00132BB36CC7542E,16777985
371,Refeitorio,Ceia,2026-02-02 02:15:35,2026-02-01 23:15:35,2026-02-01,0013FDD19576EC21,00132B76FE186599,00132BB36CC7542E,16777985
372,Refeitorio,Ceia,2026-02-02 02:16:39,2026-02-01 23:16:39,2026-02-01,00132D30EF997ECF,00132B76FE186599,00132BB36CC7542E,16777985
373,Refeitorio,Ceia,2026-02-02 02:18:17,2026-02-01 23:18:17,2026-02-01,0013CA093ACD7D38,00132B76FE186599,00132BB36CC7542E,16777985
374,Refeitorio,Ceia,2026-02-02 02:18:40,2026-02-01 23:18:40,2026-02-01,0013F78A46C933B1,00132B76FE186599,00132BB36CC7542E,16777985
375,Refeitorio,Ceia,2026-02-02 02:21:18,2026-02-01 23:21:18,2026-02-01,0013FDD1CC8C7440,00132B76FE186599,00132BB36CC7542E,16777985
376,Refeitorio,Ceia,2026-02-02 02:24:38,2026-02-01 23:24:38,2026-02-01,00139E205A56419E,00132B76FE186599,00132BB36CC7542E,16777985
377,Refeitorio,Ceia,2026-02-02 02:26:24,2026-02-01 23:26:24,2026-02-01,0013F8D1B496B2A7,00132B76FE186599,00132BB36CC7542E,16777985
378,Refeitorio,Ceia,2026-02-02 02:26:57,2026-02-01 23:26:57,2026-02-01,0014009425C8FDB9,00132B76FE186599,00132BB36CC7542E,16777985
379,Refeitorio,Ceia,2026-02-02 02:28:50,2026-02-01 23:28:50,2026-02-01,0013E48B8B1583A6,00132B76FE186599,00132BB36CC7542E,16777985
380,Refeitorio,Ceia,2026-02-02 02:30:33,2026-02-01 23:30:33,2026-02-01,00132D30FB081EFB,00132B76FE186599,00132BB36CC7542E,16777985
381,Refeitorio,Ceia,2026-02-02 02:32:28,2026-02-01 23:32:28,2026-02-01,0013730B937868D4,00132B76FE186599,00132BB36CC7542E,16777985
382,Refeitorio,Ceia,2026-02-02 02:32:37,2026-02-01 23:32:37,2026-02-01,00133208BEDB623C,00132B76FE186599,00132BB36CC7542E,16777985
383,Refeitorio,Ceia,2026-02-02 02:34:57,2026-02-01 23:34:57,2026-02-01,00132D30F564004F,00132B76FE186599,00132BB36CC7542E,16777985
384,Refeitorio,Ceia,2026-02-02 02:35:12,2026-02-01 23:35:12,2026-02-01,0013F8D0ACBF76E6,00132B76FE186599,00132BB36CC7542E,16777985
385,Refeitorio,Ceia,2026-02-02 02:35:44,2026-02-01 23:35:44,2026-02-01,00132FD0E37FB55F,00132B76FE186599,00132BB36CC7542E,16777985
386,Refeitorio,Ceia,2026-02-02 02:35:48,2026-02-01 23:35:48,2026-02-01,00132FD0E42D844D,00132B76FE186599,00132BB36CC7542E,16777985
387,Refeitorio,Ceia,2026-02-02 02:40:34,2026-02-01 23:40:34,2026-02-01,0013344DC59417BE,00132B76FE186599,00132BB36CC7542E,16777985
388,Refeitorio,Ceia,2026-02-02 02:45:11,2026-02-01 23:45:11,2026-02-01,00138B53E76C099E,00132B76FE186599,00132BB36CC7542E,16777985
389,Refeitorio,Ceia,2026-02-02 03:00:00,2026-02-02 00:00:00,2026-02-01,00132D30E6AFCCF1,00132B76FE186599,00132BB36CC7542E,16777985
390,Refeitorio,Ceia,2026-02-02 03:00:03,2026-02-02 00:00:03,2026-02-01,00134219F1273890,00132B76FE186599,00132BB36CC7542E,16777985
391,Refeitorio,Ceia,2026-02-02 03:00:37,2026-02-02 00:00:37,2026-02-01,0013E1889FC955CE,00132B76FE186599,00132BB36CC7542E,16777985
392,Refeitorio,Ceia,2026-02-02 03:00:46,2026-02-02 00:00:46,2026-02-01,00135286D660276E,00132B76FE186599,00132BB36CC7542E,16777985
393,Refeitorio,Ceia,2026-02-02 03:01:14,2026-02-02 00:01:14,2026-02-01,0013F8D0888FFB1F,00132B76FE186599,00132BB36CC7542E,16777985
394,Refeitorio,Ceia,2026-02-02 03:04:07,2026-02-02 00:04:07,2026-02-01,0013B6F1DC030C1B,00132B76FE186599,00132BB36CC7542E,16777985
395,Refeitorio,Ceia,2026-02-02 03:04:14,2026-02-02 00:04:14,2026-02-01,0013B848A928E109,00132B76FE186599,00132BB36CC7542E,16777985
396,Refeitorio,Ceia,2026-02-02 03:04:18,2026-02-02 00:04:18,2026-02-01,0013320AA5E50405,00132B76FE186599,00132BB36CC7542E,16777985
397,Refeitorio,Ceia,2026-02-02 03:04:31,2026-02-02 00:04:31,2026-02-01,001400D2E5841383,00132B76FE186599,00132BB36CC7542E,16777985
398,Refeitorio,Ceia,2026-02-02 03:05:20,2026-02-02 00:05:20,2026-02-01,0013F062A163AE61,00132B76FE186599,00132BB36CC7542E,16777985
399,Refeitorio,Ceia,2026-02-02 03:05:28,2026-02-02 00:05:28,2026-02-01,0013E6694F571F03,00132B76FE186599,00132BB36CC7542E,16777985
400,Refeitorio,Ceia,2026-02-02 03:05:31,2026-02-02 00:05:31,2026-02-01,0013E5DF7E7A89D6,00132B76FE186599,00132BB36CC7542E,16777985
401,Refeitorio,Ceia,2026-02-02 03:06:16,2026-02-02 00:06:16,2026-02-01,0013AFA12D30A377,00132B76FE186599,00132BB36CC7542E,16777985
402,Refeitorio,Ceia,2026-02-02 03:07:35,2026-02-02 00:07:35,2026-02-01,00135AC1B16B23E7,00132B76FE186599,00132BB36CC7542E,16777985
403,Refeitorio,Ceia,2026-02-02 03:08:40,2026-02-02 00:08:40,2026-02-01,00132D30E83B9495,00132B76FE186599,00132BB36CC7542E,16777985
404,Refeitorio,Ceia,2026-02-02 03:08:42,2026-02-02 00:08:42,2026-02-01,00132D30EC939431,00132B76FE186599,00132BB36CC7542E,16777985
405,Refeitorio,Ceia,2026-02-02 03:09:41,2026-02-02 00:09:41,2026-02-01,00132D30FD928905,00132B76FE186599,00132BB36CC7542E,16777985
406,Refeitorio,Ceia,2026-02-02 03:10:20,2026-02-02 00:10:20,2026-02-01,001405C22E32057C,00132B76FE186599,00132BB36CC7542E,16777985
407,Refeitorio,Ceia,2026-02-02 03:13:30,2026-02-02 00:13:30,2026-02-01,00137258C30C98C5,00132B76FE186599,00132BB36CC7542E,16777985
408,Refeitorio,Ceia,2026-02-02 03:15:58,2026-02-02 00:15:58,2026-02-01,00132D30ECB47B28,00132B76FE186599,00132BB36CC7542E,16777985
409,Refeitorio,Ceia,2026-02-02 03:16:05,2026-02-02 00:16:05,2026-02-01,00134C03A5023048,00132B76FE186599,00132BB36CC7542E,16777985
410,Refeitorio,Ceia,2026-02-02 03:16:08,2026-02-02 00:16:08,2026-02-01,00138FBF1CB504C9,00132B76FE186599,00132BB36CC7542E,16777985
411,Refeitorio,Ceia,2026-02-02 03:17:30,2026-02-02 00:17:30,2026-02-01,00132D30FBD4B180,00132B76FE186599,00132BB36CC7542E,16777985
412,Refeitorio,Ceia,2026-02-02 03:17:33,2026-02-02 00:17:33,2026-02-01,001372578A85D035,00132B76FE186599,00132BB36CC7542E,16777985
413,Refeitorio,Ceia,2026-02-02 03:18:06,2026-02-02 00:18:06,2026-02-01,0013847F7AEF77A3,00132B76FE186599,00132BB36CC7542E,16777985
414,Refeitorio,Ceia,2026-02-02 03:18:38,2026-02-02 00:18:38,2026-02-01,00132D30FF5D051F,00132B76FE186599,00132BB36CC7542E,16777985
415,Refeitorio,Ceia,2026-02-02 03:18:41,2026-02-02 00:18:41,2026-02-01,001336184EE3C658,00132B76FE186599,00132BB36CC7542E,16777985
416,Refeitorio,Ceia,2026-02-02 03:19:50,2026-02-02 00:19:50,2026-02-01,00132D30F1E7D3D4,00132B76FE186599,00132BB36CC7542E,16777985
417,Refeitorio,Ceia,2026-02-02 03:21:09,2026-02-02 00:21:09,2026-02-01,001343D53CE74496,00132B76FE186599,00132BB36CC7542E,16777985
418,Refeitorio,Ceia,2026-02-02 03:24:31,2026-02-02 00:24:31,2026-02-01,00132D30E66F6D38,00132B76FE186599,00132BB36CC7542E,16777985
419,Refeitorio,Ceia,2026-02-02 03:25:43,2026-02-02 00:25:43,2026-02-01,00132D30ED85199A,00132B76FE186599,00132BB36CC7542E,16777985
420,Refeitorio,Ceia,2026-02-02 03:26:10,2026-02-02 00:26:10,2026-02-01,0013A1692E01281B,00132B76FE186599,00132BB36CC7542E,16777985
421,Refeitorio,Ceia,2026-02-02 03:26:35,2026-02-02 00:26:35,2026-02-01,0013A4B7A508A33B,00132B76FE186599,00132BB36CC7542E,16777985
422,Refeitorio,Ceia,2026-02-02 03:29:41,2026-02-02 00:29:41,2026-02-01,001405EA1A6C0887,00132B76FE186599,00132BB36CC7542E,16777985
423,Refeitorio,Ceia,2026-02-02 03:31:26,2026-02-02 00:31:26,2026-02-01,0013E22C7FDB4474,00132B76FE186599,00132BB36CC7542E,16777985
424,Refeitorio,Ceia,2026-02-02 03:32:07,2026-02-02 00:32:07,2026-02-01,00136AE3F60D1C22,00132B76FE186599,00132BB36CC7542E,16777985
425,Refeitorio,Ceia,2026-02-02 03:36:41,2026-02-02 00:36:41,2026-02-01,00134C17DCFFAFEC,00132B76FE186599,00132BB36CC7542E,16777985
426,Refeitorio,Ceia,2026-02-02 03:40:48,2026-02-02 00:40:48,2026-02-01,001380451C2FEF15,00132B76FE186599,00132BB36CC7542E,16777985
427,Refeitorio,Ceia,2026-02-02 03:42:05,2026-02-02 00:42:05,2026-02-01,00138ACB5E4F83DE,00132B76FE186599,00132BB36CC7542E,16777985
428,Refeitorio,Ceia,2026-02-02 03:42:08,2026-02-02 00:42:08,2026-02-01,00132D3100B7EC6A,00132B76FE186599,00132BB36CC7542E,16777985
429,Refeitorio,Ceia,2026-02-02 03:44:33,2026-02-02 00:44:33,2026-02-01,0014054FAA1B9E69,00132B76FE186599,00132BB36CC7542E,16777985
430,Refeitorio,Ceia,2026-02-02 03:55:52,2026-02-02 00:55:52,2026-02-01,0013A1690DAE207F,00132B76FE186599,00132BB36CC7542E,16777985
431,Refeitorio,Ceia,2026-02-02 03:56:36,2026-02-02 00:56:36,2026-02-01,00132FD0E468A51C,00132B76FE186599,00132BB36CC7542E,16777985
432,Refeitorio,Ceia,2026-02-02 03:57:36,2026-02-02 00:57:36,2026-02-01,0013BE554260F325,00132B76FE186599,00132BB36CC7542E,16777985
433,Refeitorio,Ceia,2026-02-02 03:58:28,2026-02-02 00:58:28,2026-02-01,00138924197E18C7,00132B76FE186599,00132BB36CC7542E,16777985
434,Refeitorio,Ceia,2026-02-02 03:59:41,2026-02-02 00:59:41,2026-02-01,0013DE3F03B97AB5,00132B76FE186599,00132BB36CC7542E,16777985
435,Refeitorio,Ceia,2026-02-02 04:01:27,2026-02-02 01:01:27,2026-02-01,00139425C34557AE,00132B76FE186599,00132BB36CC7542E,16777985
436,Refeitorio,Ceia,2026-02-02 04:01:45,2026-02-02 01:01:45,2026-02-01,0013F1B936E667BC,00132B76FE186599,00132BB36CC7542E,16777985
437,Refeitorio,Ceia,2026-02-02 04:01:49,2026-02-02 01:01:49,2026-02-01,0013B848A0C13A85,00132B76FE186599,00132BB36CC7542E,16777985
438,Refeitorio,Ceia,2026-02-02 04:03:08,2026-02-02 01:03:08,2026-02-01,001402767E02E126,00132B76FE186599,00132BB36CC7542E,16777985
439,Refeitorio,Ceia,2026-02-02 04:04:27,2026-02-02 01:04:27,2026-02-01,0013D490D5A770D9,00132B76FE186599,00132BB36CC7542E,16777985
440,Refeitorio,Ceia,2026-02-02 04:05:22,2026-02-02 01:05:22,2026-02-01,00138ACAAFC82D69,00132B76FE186599,00132BB36CC7542E,16777985
441,Refeitorio,Ceia,2026-02-02 04:05:37,2026-02-02 01:05:37,2026-02-01,0013F7B3EA52E7E1,00132B76FE186599,00132BB36CC7542E,16777985
442,Refeitorio,Ceia,2026-02-02 04:07:53,2026-02-02 01:07:53,2026-02-01,001368C40EA98B14,00132B76FE186599,00132BB36CC7542E,16777985
443,Refeitorio,Ceia,2026-02-02 04:08:06,2026-02-02 01:08:06,2026-02-01,00132D30FC8DB3B3,00132B76FE186599,00132BB36CC7542E,16777985
444,Refeitorio,Ceia,2026-02-02 04:08:31,2026-02-02 01:08:31,2026-02-01,0012D891157ECCD3,00132B76FE186599,00132BB36CC7542E,16777985
445,Refeitorio,Ceia,2026-02-02 04:08:36,2026-02-02 01:08:36,2026-02-01,00132D30FB288BDB,00132B76FE186599,00132BB36CC7542E,16777985
446,Refeitorio,Ceia,2026-02-02 04:11:29,2026-02-02 01:11:29,2026-02-01,0013F1B93DCCB6DA,00132B76FE186599,00132BB36CC7542E,16777985
447,Refeitorio,Ceia,2026-02-02 04:12:25,2026-02-02 01:12:25,2026-02-01,001347B78CC526CB,00132B76FE186599,00132BB36CC7542E,16777985
448,Refeitorio,Ceia,2026-02-02 04:12:57,2026-02-02 01:12:57,2026-02-01,00132D30F5DA4222,00132B76FE186599,00132BB36CC7542E,16777985
449,Refeitorio,Ceia,2026-02-02 04:13:34,2026-02-02 01:13:34,2026-02-01,00132D30F52CED01,00132B76FE186599,00132BB36CC7542E,16777985
450,Refeitorio,Ceia,2026-02-02 04:15:27,2026-02-02 01:15:27,2026-02-01,0013C1DADE4E7B5C,00132B76FE186599,00132BB36CC7542E,16777985
451,Refeitorio,Ceia,2026-02-02 04:15:30,2026-02-02 01:15:30,2026-02-01,0013422FDCE3FC70,00132B76FE186599,00132BB36CC7542E,16777985
452,Refeitorio,Ceia,2026-02-02 04:16:33,2026-02-02 01:16:33,2026-02-01,0013B848A25F8C00,00132B76FE186599,00132BB36CC7542E,16777985
453,Refeitorio,Ceia,2026-02-02 04:19:49,2026-02-02 01:19:49,2026-02-01,0013E517534D6394,00132B76FE186599,00132BB36CC7542E,16777985
454,Refeitorio,Ceia,2026-02-02 04:24:50,2026-02-02 01:24:50,2026-02-01,0013AD6EC332A8C1,00132B76FE186599,00132BB36CC7542E,16777985
455,Refeitorio,Ceia,2026-02-02 04:26:03,2026-02-02 01:26:03,2026-02-01,00132D30EE942F75,00132B76FE186599,00132BB36CC7542E,16777985
456,Refeitorio,Ceia,2026-02-02 04:26:06,2026-02-02 01:26:06,2026-02-01,001404D5C63E52CF,00132B76FE186599,00132BB36CC7542E,16777985
457,Refeitorio,Ceia,2026-02-02 04:26:36,2026-02-02 01:26:36,2026-02-01,00138AB69675F36A,00132B76FE186599,00132BB36CC7542E,16777985
458,Refeitorio,Ceia,2026-02-02 04:32:06,2026-02-02 01:32:06,2026-02-01,001352339C9CA36F,00132B76FE186599,00132BB36CC7542E,16777985
459,Refeitorio,Ceia,2026-02-02 04:39:05,2026-02-02 01:39:05,2026-02-01,00134A0427B8B69D,00132B76FE186599,00132BB36CC7542E,16777985
460,Refeitorio,Ceia,2026-02-02 04:39:09,2026-02-02 01:39:09,2026-02-01,0013B6F1D7147D18,00132B76FE186599,00132BB36CC7542E,16777985
461,Refeitorio,Ceia,2026-02-02 04:39:26,2026-02-02 01:39:26,2026-02-01,0012D890C1EE67B3,00132B76FE186599,00132BB36CC7542E,16777985
462,Refeitorio,Ceia,2026-02-02 04:40:19,2026-02-02 01:40:19,2026-02-01,0013D1ADA858D71B,00132B76FE186599,00132BB36CC7542E,16777985
463,Refeitorio,Ceia,2026-02-02 04:41:54,2026-02-02 01:41:54,2026-02-01,001330F094AE3F3C,00132B76FE186599,00132BB36CC7542E,16777985
464,Refeitorio,Ceia,2026-02-02 04:45:12,2026-02-02 01:45:12,2026-02-01,00138E27CAC38BE5,00132B76FE186599,00132BB36CC7542E,16777985
465,Refeitorio,Ceia,2026-02-02 04:45:46,2026-02-02 01:45:46,2026-02-01,0013C7296111B681,00132B76FE186599,00132BB36CC7542E,16777985
466,Refeitorio,Ceia,2026-02-02 04:49:51,2026-02-02 01:49:51,2026-02-01,00132D30F6D6FC3B,00132B76FE186599,00132BB36CC7542E,16777985
467,Refeitorio,Ceia,2026-02-02 04:51:17,2026-02-02 01:51:17,2026-02-01,0013727ED75513D2,00132B76FE186599,00132BB36CC7542E,16777985
468,Refeitorio,Ceia,2026-02-02 04:51:38,2026-02-02 01:51:38,2026-02-01,00132FD0E50BF678,00132B76FE186599,00132BB36CC7542E,16777985
469,Refeitorio,Ceia,2026-02-02 04:52:17,2026-02-02 01:52:17,2026-02-01,00132D30EFB09F61,00132B76FE186599,00132BB36CC7542E,16777985
470,Refeitorio,Ceia,2026-02-02 04:52:57,2026-02-02 01:52:57,2026-02-01,0013AA78F623441F,00132B76FE186599,00132BB36CC7542E,16777985
471,Refeitorio,Ceia,2026-02-02 04:54:39,2026-02-02 01:54:39,2026-02-01,0013C6A5F49ED9CC,00132B76FE186599,00132BB36CC7542E,16777985
472,Refeitorio,Ceia,2026-02-02 04:56:47,2026-02-02 01:56:47,2026-02-01,0013325BA19C893C,00132B76FE186599,00132BB36CC7542E,16777985
473,Refeitorio,Ceia,2026-02-02 04:58:53,2026-02-02 01:58:53,2026-02-01,0013D4CDC1441AA8,00132B76FE186599,00132BB36CC7542E,16777985
474,Refeitorio,Ceia,2026-02-02 05:01:09,2026-02-02 02:01:09,2026-02-01,0013F0A513718898,00132B76FE186599,00132BB36CC7542E,16777985
475,Refeitorio,Ceia,2026-02-02 05:01:53,2026-02-02 02:01:53,2026-02-01,0013EB9ACE4B826E,00132B76FE186599,00132BB36CC7542E,16777985
476,Refeitorio,Ceia,2026-02-02 05:01:55,2026-02-02 02:01:55,2026-02-01,0013E62C263C56B7,00132B76FE186599,00132BB36CC7542E,16777985
477,Refeitorio,Ceia,2026-02-02 05:02:09,2026-02-02 02:02:09,2026-02-01,0013BD64AB51B854,00132B76FE186599,00132BB36CC7542E,16777985
478,Refeitorio,Ceia,2026-02-02 05:02:22,2026-02-02 02:02:22,2026-02-01,001407B9A18B0B6C,00132B76FE186599,00132BB36CC7542E,16777985
479,Refeitorio,Ceia,2026-02-02 05:03:42,2026-02-02 02:03:42,2026-02-01,0013A04FC8303937,00132B76FE186599,00132BB36CC7542E,16777985
480,Refeitorio,Ceia,2026-02-02 05:04:08,2026-02-02 02:04:08,2026-02-01,0013CDAB941F247C,00132B76FE186599,00132BB36CC7542E,16777985
481,Refeitorio,Ceia,2026-02-02 05:04:23,2026-02-02 02:04:23,2026-02-01,001407B993CA6323,00132B76FE186599,00132BB36CC7542E,16777985
482,Refeitorio,Ceia,2026-02-02 05:06:25,2026-02-02 02:06:25,2026-02-01,0013E8187456CBF5,00132B76FE186599,00132BB36CC7542E,16777985
483,Refeitorio,Ceia,2026-02-02 05:07:30,2026-02-02 02:07:30,2026-02-01,0013EA464B97A0D3,00132B76FE186599,00132BB36CC7542E,16777985
484,Refeitorio,Ceia,2026-02-02 05:07:33,2026-02-02 02:07:33,2026-02-01,0013C1C6C2D7D39C,00132B76FE186599,00132BB36CC7542E,16777985
485,Refeitorio,Ceia,2026-02-02 05:07:35,2026-02-02 02:07:35,2026-02-01,00132D30FD7D13BA,00132B76FE186599,00132BB36CC7542E,16777985
486,Refeitorio,Ceia,2026-02-02 05:09:41,2026-02-02 02:09:41,2026-02-01,001377744A9F80BF,00132B76FE186599,00132BB36CC7542E,16777985
487,Refeitorio,Ceia,2026-02-02 05:09:46,2026-02-02 02:09:46,2026-02-01,00132FD0E0AD88B3,00132B76FE186599,00132BB36CC7542E,16777985
488,Refeitorio,Ceia,2026-02-02 05:10:17,2026-02-02 02:10:17,2026-02-01,0013B62E0752BB48,00132B76FE186599,00132BB36CC7542E,16777985
489,Refeitorio,Ceia,2026-02-02 05:11:17,2026-02-02 02:11:17,2026-02-01,00132FD0E15C88D0,00132B76FE186599,00132BB36CC7542E,16777985
490,Refeitorio,Ceia,2026-02-02 05:11:26,2026-02-02 02:11:26,2026-02-01,001319F1B96B933E,00132B76FE186599,00132BB36CC7542E,16777985
491,Refeitorio,Ceia,2026-02-02 05:12:31,2026-02-02 02:12:31,2026-02-01,00132FD0E5ADD999,00132B76FE186599,00132BB36CC7542E,16777985
492,Refeitorio,Ceia,2026-02-02 05:12:35,2026-02-02 02:12:35,2026-02-01,00132FD0E32DB125,00132B76FE186599,00132BB36CC7542E,16777985
493,Refeitorio,Ceia,2026-02-02 05:58:17,2026-02-02 02:58:17,2026-02-01,00133185AC3594B5,00132B76FE186599,00132BB36CC7542E,16777985
494,Refeitorio,Ceia,2026-02-02 05:58:20,2026-02-02 02:58:20,2026-02-01,0013CB0EC51BD2C8,00132B76FE186599,00132BB36CC7542E,16777985
495,Refeitorio,Ceia,2026-02-02 05:58:23,2026-02-02 02:58:23,2026-02-01,0013DA8B09EBB59C,00132B76FE186599,00132BB36CC7542E,16777985
496,Refeitorio,Ceia,2026-02-02 05:59:21,2026-02-02 02:59:21,2026-02-01,0013DC94029B678A,00132B76FE186599,00132BB36CC7542E,16777985
497,Refeitorio,Ceia,2026-02-02 06:00:27,2026-02-02 03:00:27,2026-02-01,00132FD0E3ADB93D,00132B76FE186599,00132BB36CC7542E,16777985
498,Refeitorio,Ceia,2026-02-02 06:02:56,2026-02-02 03:02:56,2026-02-01,001370F39503E7C1,00132B76FE186599,00132BB36CC7542E,16777985
499,Refeitorio,Ceia,2026-02-02 06:02:59,2026-02-02 03:02:59,2026-02-01,00133807E72C9E3E,00132B76FE186599,00132BB36CC7542E,16777985
500,Refeitorio,Ceia,2026-02-02 06:03:47,2026-02-02 03:03:47,2026-02-01,0013C4030F2CB12D,00132B76FE186599,00132BB36CC7542E,16777985
501,Refeitorio,Ceia,2026-02-02 06:03:56,2026-02-02 03:03:56,2026-02-01,0013C403169EB5D2,00132B76FE186599,00132BB36CC7542E,16777985
502,Refeitorio,Ceia,2026-02-02 06:04:03,2026-02-02 03:04:03,2026-02-01,0013C403153702DA,00132B76FE186599,00132BB36CC7542E,16777985
503,Refeitorio,Ceia,2026-02-02 06:04:08,2026-02-02 03:04:08,2026-02-01,0013344DC59417BE,00132B76FE186599,00132BB36CC7542E,16777985
504,Refeitorio,Ceia,2026-02-02 06:04:29,2026-02-02 03:04:29,2026-02-01,0013F92F6E0C4B5D,00132B76FE186599,00132BB36CC7542E,16777985
505,Refeitorio,Ceia,2026-02-02 06:06:22,2026-02-02 03:06:22,2026-02-01,0013CB22DB99E127,00132B76FE186599,00132BB36CC7542E,16777985
506,Refeitorio,Ceia,2026-02-02 06:07:22,2026-02-02 03:07:22,2026-02-01,0013E320ED6F60FE,00132B76FE186599,00132BB36CC7542E,16777985
507,Refeitorio,Ceia,2026-02-02 06:07:26,2026-02-02 03:07:26,2026-02-01,0013CB4B08AB4541,00132B76FE186599,00132BB36CC7542E,16777985
508,Refeitorio,Ceia,2026-02-02 06:08:12,2026-02-02 03:08:12,2026-02-01,0013C3956F9C98B7,00132B76FE186599,00132BB36CC7542E,16777985
509,Refeitorio,Ceia,2026-02-02 06:09:26,2026-02-02 03:09:26,2026-02-01,0013E5DFA4A622F0,00132B76FE186599,00132BB36CC7542E,16777985
510,Refeitorio,Ceia,2026-02-02 06:09:33,2026-02-02 03:09:33,2026-02-01,00132D30F9260850,00132B76FE186599,00132BB36CC7542E,16777985
511,Refeitorio,Ceia,2026-02-02 06:09:43,2026-02-02 03:09:43,2026-02-01,0013DD1212014675,00132B76FE186599,00132BB36CC7542E,16777985
512,Refeitorio,Ceia,2026-02-02 06:10:38,2026-02-02 03:10:38,2026-02-01,0013F8D1B496B2A7,00132B76FE186599,00132BB36CC7542E,16777985
513,Refeitorio,Ceia,2026-02-02 06:10:54,2026-02-02 03:10:54,2026-02-01,00132D30FE586CD9,00132B76FE186599,00132BB36CC7542E,16777985
514,Refeitorio,Ceia,2026-02-02 06:14:27,2026-02-02 03:14:27,2026-02-01,0013B3A28D82D2D9,00132B76FE186599,00132BB36CC7542E,16777985
515,Refeitorio,Ceia,2026-02-02 06:14:38,2026-02-02 03:14:38,2026-02-01,00135AC1B16B23E7,00132B76FE186599,00132BB36CC7542E,16777985
516,Refeitorio,Ceia,2026-02-02 06:14:54,2026-02-02 03:14:54,2026-02-01,0013730B937868D4,00132B76FE186599,00132BB36CC7542E,16777985
517,Refeitorio,Ceia,2026-02-02 06:15:19,2026-02-02 03:15:19,2026-02-01,00132FD0E3F2637B,00132B76FE186599,00132BB36CC7542E,16777985
518,Refeitorio,Ceia,2026-02-02 06:15:49,2026-02-02 03:15:49,2026-02-01,00132FD0E72EA8F8,00132B76FE186599,00132BB36CC7542E,16777985
519,Refeitorio,Ceia,2026-02-02 06:15:54,2026-02-02 03:15:54,2026-02-01,00132D30E80E84CA,00132B76FE186599,00132BB36CC7542E,16777985
520,Refeitorio,Ceia,2026-02-02 06:16:01,2026-02-02 03:16:01,2026-02-01,001344D9BE745D9D,00132B76FE186599,00132BB36CC7542E,16777985
521,Refeitorio,Ceia,2026-02-02 06:17:44,2026-02-02 03:17:44,2026-02-01,00132D30EBC10D75,00132B76FE186599,00132BB36CC7542E,16777985
522,Refeitorio,Ceia,2026-02-02 06:18:28,2026-02-02 03:18:28,2026-02-01,00139E205A56419E,00132B76FE186599,00132BB36CC7542E,16777985
523,Refeitorio,Ceia,2026-02-02 06:21:21,2026-02-02 03:21:21,2026-02-01,0014009425C8FDB9,00132B76FE186599,00132BB36CC7542E,16777985
524,Refeitorio,Ceia,2026-02-02 06:22:38,2026-02-02 03:22:38,2026-02-01,0013F8D0888FFB1F,00132B76FE186599,00132BB36CC7542E,16777985
525,Refeitorio,Ceia,2026-02-02 06:23:36,2026-02-02 03:23:36,2026-02-01,00132D30F8FA29B4,00132B76FE186599,00132BB36CC7542E,16777985
526,Refeitorio,Ceia,2026-02-02 06:24:07,2026-02-02 03:24:07,2026-02-01,00132FD0E37FB55F,00132B76FE186599,00132BB36CC7542E,16777985
527,Refeitorio,Ceia,2026-02-02 06:25:02,2026-02-02 03:25:02,2026-02-01,00132D30F7B1241B,00132B76FE186599,00132BB36CC7542E,16777985
528,Refeitorio,Ceia,2026-02-02 06:25:07,2026-02-02 03:25:07,2026-02-01,0013380B34C626FF,00132B76FE186599,00132BB36CC7542E,16777985
529,Refeitorio,Ceia,2026-02-02 06:27:19,2026-02-02 03:27:19,2026-02-01,00137559D2682F08,00132B76FE186599,00132BB36CC7542E,16777985
530,Refeitorio,Ceia,2026-02-02 06:27:22,2026-02-02 03:27:22,2026-02-01,001372076325D4ED,00132B76FE186599,00132BB36CC7542E,16777985
531,Refeitorio,Ceia,2026-02-02 06:29:14,2026-02-02 03:29:14,2026-02-01,00132D30F0081F86,00132B76FE186599,00132BB36CC7542E,16777985
532,Refeitorio,Ceia,2026-02-02 06:30:23,2026-02-02 03:30:23,2026-02-01,001360D6811FDE2B,00132B76FE186599,00132BB36CC7542E,16777985
533,Refeitorio,Ceia,2026-02-02 06:35:48,2026-02-02 03:35:48,2026-02-01,00132D30F85F6D53,00132B76FE186599,00132BB36CC7542E,16777985
534,Refeitorio,Ceia,2026-02-02 06:36:39,2026-02-02 03:36:39,2026-02-01,00132FD0DFE542D8,00132B76FE186599,00132BB36CC7542E,16777985
535,Refeitorio,Ceia,2026-02-02 06:37:03,2026-02-02 03:37:03,2026-02-01,00139F749A12B35F,00132B76FE186599,00132BB36CC7542E,16777985
536,Refeitorio,Ceia,2026-02-02 06:37:20,2026-02-02 03:37:20,2026-02-01,0013CE4D273FA86D,00132B76FE186599,00132BB36CC7542E,16777985
537,Refeitorio,Ceia,2026-02-02 06:37:26,2026-02-02 03:37:26,2026-02-01,00132D30F564004F,00132B76FE186599,00132BB36CC7542E,16777985
538,Refeitorio,Ceia,2026-02-02 06:38:40,2026-02-02 03:38:40,2026-02-01,00138ACB5E4F83DE,00132B76FE186599,00132BB36CC7542E,16777985
539,Refeitorio,Ceia,2026-02-02 06:38:43,2026-02-02 03:38:43,2026-02-01,00132D31018163BD,00132B76FE186599,00132BB36CC7542E,16777985
540,Refeitorio,Ceia,2026-02-02 06:38:47,2026-02-02 03:38:47,2026-02-01,001405C22E32057C,00132B76FE186599,00132BB36CC7542E,16777985
541,Refeitorio,Ceia,2026-02-02 06:39:03,2026-02-02 03:39:03,2026-02-01,0014042F6392EC00,00132B76FE186599,00132BB36CC7542E,16777985
542,Refeitorio,Ceia,2026-02-02 06:39:37,2026-02-02 03:39:37,2026-02-01,0013A7775B5BF286,00132B76FE186599,00132BB36CC7542E,16777985
543,Refeitorio,Ceia,2026-02-02 06:39:40,2026-02-02 03:39:40,2026-02-01,00132FD0E6C72F8B,00132B76FE186599,00132BB36CC7542E,16777985
544,Refeitorio,Ceia,2026-02-02 06:42:35,2026-02-02 03:42:35,2026-02-01,0013E22C7FDB4474,00132B76FE186599,00132BB36CC7542E,16777985
545,Refeitorio,Ceia,2026-02-02 06:42:45,2026-02-02 03:42:45,2026-02-01,0013D5FA555997ED,00132B76FE186599,00132BB36CC7542E,16777985
546,Refeitorio,Ceia,2026-02-02 06:44:05,2026-02-02 03:44:05,2026-02-01,00133208BEDB623C,00132B76FE186599,00132BB36CC7542E,16777985
547,Refeitorio,Ceia,2026-02-02 06:44:09,2026-02-02 03:44:09,2026-02-01,0013422FDCE3FC70,00132B76FE186599,00132BB36CC7542E,16777985
548,Refeitorio,Ceia,2026-02-02 06:49:21,2026-02-02 03:49:21,2026-02-01,00132D30E794EC76,00132B76FE186599,00132BB36CC7542E,16777985
549,Refeitorio,Ceia,2026-02-02 06:53:19,2026-02-02 03:53:19,2026-02-01,00132D30ED85199A,00132B76FE186599,00132BB36CC7542E,16777985
550,Refeitorio,Ceia,2026-02-02 06:55:01,2026-02-02 03:55:01,2026-02-01,0013FDD1CC8C7440,00132B76FE186599,00132BB36CC7542E,16777985
551,Refeitorio,Ceia,2026-02-02 06:55:36,2026-02-02 03:55:36,2026-02-01,0014054FAA1B9E69,00132B76FE186599,00132BB36CC7542E,16777985
552,Refeitorio,Ceia,2026-02-02 06:55:40,2026-02-02 03:55:40,2026-02-01,00132D30F14F3CD0,00132B76FE186599,00132BB36CC7542E,16777985
553,Refeitorio,Ceia,2026-02-02 06:56:39,2026-02-02 03:56:39,2026-02-01,0013E48B8B1583A6,00132B76FE186599,00132BB36CC7542E,16777985
554,Refeitorio,Ceia,2026-02-02 06:56:43,2026-02-02 03:56:43,2026-02-01,001350009D568A6A,00132B76FE186599,00132BB36CC7542E,16777985
555,Refeitorio,Ceia,2026-02-02 06:57:20,2026-02-02 03:57:20,2026-02-01,00132D30E8193F68,00132B76FE186599,00132BB36CC7542E,16777985
556,Refeitorio,Ceia,2026-02-02 06:57:23,2026-02-02 03:57:23,2026-02-01,00132D30FF5D051F,00132B76FE186599,00132BB36CC7542E,16777985
557,Refeitorio,Desejum,2026-02-02 08:30:05,2026-02-02 05:30:05,2026-02-02,00134C26BEDD049E,00132B76FE186599,00132BB36CC7542E,16777985
558,Refeitorio,Desejum,2026-02-02 08:30:08,2026-02-02 05:30:08,2026-02-02,00132D30F3B1D5DD,00132B76FE186599,00132BB36CC7542E,16777985
559,Refeitorio,Desejum,2026-02-02 08:30:11,2026-02-02 05:30:11,2026-02-02,00132D30F139C798,00132B76FE186599,00132BB36CC7542E,16777985
560,Refeitorio,Desejum,2026-02-02 08:30:15,2026-02-02 05:30:15,2026-02-02,0013DFF7290AB5FB,00132B76FE186599,00132BB36CC7542E,16777985
561,Refeitorio,Desejum,2026-02-02 08:30:18,2026-02-02 05:30:18,2026-02-02,00132FD0E151171C,00132B76FE186599,00132BB36CC7542E,16777985
562,Refeitorio,Desejum,2026-02-02 08:30:21,2026-02-02 05:30:21,2026-02-02,0013E3212039DD77,00132B76FE186599,00132BB36CC7542E,16777985
563,Refeitorio,Desejum,2026-02-02 08:30:24,2026-02-02 05:30:24,2026-02-02,0013FF3B59E121A1,00132B76FE186599,00132BB36CC7542E,16777985
564,Refeitorio,Desejum,2026-02-02 08:30:28,2026-02-02 05:30:28,2026-02-02,0014042F6870ACEF,00132B76FE186599,00132BB36CC7542E,16777985
565,Refeitorio,Desejum,2026-02-02 08:30:32,2026-02-02 05:30:32,2026-02-02,00132D30E67A27C9,00132B76FE186599,00132BB36CC7542E,16777985
566,Refeitorio,Desejum,2026-02-02 08:30:35,2026-02-02 05:30:35,2026-02-02,0013D1ADA858D71B,00132B76FE186599,00132BB36CC7542E,16777985
567,Refeitorio,Desejum,2026-02-02 08:30:39,2026-02-02 05:30:39,2026-02-02,001343D2CFF69671,00132B76FE186599,00132BB36CC7542E,16777985
568,Refeitorio,Desejum,2026-02-02 08:30:42,2026-02-02 05:30:42,2026-02-02,00132FD0DE9B86B0,00132B76FE186599,00132BB36CC7542E,16777985
569,Refeitorio,Desejum,2026-02-02 08:30:46,2026-02-02 05:30:46,2026-02-02,001331AFF9FF7ED9,00132B76FE186599,00132BB36CC7542E,16777985
570,Refeitorio,Desejum,2026-02-02 08:30:49,2026-02-02 05:30:49,2026-02-02,0013344DC59417BE,00132B76FE186599,00132BB36CC7542E,16777985
571,Refeitorio,Desejum,2026-02-02 08:31:35,2026-02-02 05:31:35,2026-02-02,0014042F5FEB794A,00132B76FE186599,00132BB36CC7542E,16777985
572,Refeitorio,Desejum,2026-02-02 08:31:39,2026-02-02 05:31:39,2026-02-02,0013D353AEB592D8,00132B76FE186599,00132BB36CC7542E,16777985
573,Refeitorio,Desejum,2026-02-02 08:31:42,2026-02-02 05:31:42,2026-02-02,00132D30EEA9E1B9,00132B76FE186599,00132BB36CC7542E,16777985
574,Refeitorio,Desejum,2026-02-02 08:31:44,2026-02-02 05:31:44,2026-02-02,0013E320F1D77D9A,00132B76FE186599,00132BB36CC7542E,16777985
575,Refeitorio,Desejum,2026-02-02 08:31:47,2026-02-02 05:31:47,2026-02-02,0014027681FB1DE5,00132B76FE186599,00132BB36CC7542E,16777985
576,Refeitorio,Desejum,2026-02-02 08:31:50,2026-02-02 05:31:50,2026-02-02,0013DC809550FB38,00132B76FE186599,00132BB36CC7542E,16777985
577,Refeitorio,Desejum,2026-02-02 08:31:53,2026-02-02 05:31:53,2026-02-02,0013458C6A613DF6,00132B76FE186599,00132BB36CC7542E,16777985
578,Refeitorio,Desejum,2026-02-02 08:31:56,2026-02-02 05:31:56,2026-02-02,0013EB9AD20028B3,00132B76FE186599,00132BB36CC7542E,16777985
579,Refeitorio,Desejum,2026-02-02 08:32:01,2026-02-02 05:32:01,2026-02-02,00134ED400709E83,00132B76FE186599,00132BB36CC7542E,16777985
580,Refeitorio,Desejum,2026-02-02 08:32:04,2026-02-02 05:32:04,2026-02-02,00132D30E6FB6150,00132B76FE186599,00132BB36CC7542E,16777985
581,Refeitorio,Desejum,2026-02-02 08:32:08,2026-02-02 05:32:08,2026-02-02,00132F401D8FF0D6,00132B76FE186599,00132BB36CC7542E,16777985
582,Refeitorio,Desejum,2026-02-02 08:32:11,2026-02-02 05:32:11,2026-02-02,001341785BE25009,00132B76FE186599,00132BB36CC7542E,16777985
583,Refeitorio,Desejum,2026-02-02 08:32:15,2026-02-02 05:32:15,2026-02-02,00132FD0DF41F180,00132B76FE186599,00132BB36CC7542E,16777985
584,Refeitorio,Desejum,2026-02-02 08:32:18,2026-02-02 05:32:18,2026-02-02,00132FD0DF2B0E14,00132B76FE186599,00132BB36CC7542E,16777985
585,Refeitorio,Desejum,2026-02-02 08:32:21,2026-02-02 05:32:21,2026-02-02,001400D2F0596DDE,00132B76FE186599,00132BB36CC7542E,16777985
586,Refeitorio,Desejum,2026-02-02 08:32:25,2026-02-02 05:32:25,2026-02-02,0014054F7D467D37,00132B76FE186599,00132BB36CC7542E,16777985
587,Refeitorio,Desejum,2026-02-02 08:32:30,2026-02-02 05:32:30,2026-02-02,00132D30F2539806,00132B76FE186599,00132BB36CC7542E,16777985
588,Refeitorio,Desejum,2026-02-02 08:32:35,2026-02-02 05:32:35,2026-02-02,001359E6482DFE65,00132B76FE186599,00132BB36CC7542E,16777985
589,Refeitorio,Desejum,2026-02-02 08:32:43,2026-02-02 05:32:43,2026-02-02,00132D30F6C055D0,00132B76FE186599,00132BB36CC7542E,16777985
590,Refeitorio,Desejum,2026-02-02 08:32:54,2026-02-02 05:32:54,2026-02-02,00132D30F537A7A1,00132B76FE186599,00132BB36CC7542E,16777985
591,Refeitorio,Desejum,2026-02-02 08:33:05,2026-02-02 05:33:05,2026-02-02,0013E321052DF382,00132B76FE186599,00132BB36CC7542E,16777985
592,Refeitorio,Desejum,2026-02-02 08:33:17,2026-02-02 05:33:17,2026-02-02,0013D47CD7CAF18F,00132B76FE186599,00132BB36CC7542E,16777985
593,Refeitorio,Desejum,2026-02-02 08:34:02,2026-02-02 05:34:02,2026-02-02,0013F8D0ACBF76E6,00132B76FE186599,00132BB36CC7542E,16777985
594,Refeitorio,Desejum,2026-02-02 08:34:42,2026-02-02 05:34:42,2026-02-02,0013E6693E898D01,00132B76FE186599,00132BB36CC7542E,16777985
595,Refeitorio,Desejum,2026-02-02 08:34:46,2026-02-02 05:34:46,2026-02-02,00139FBFA983275C,00132B76FE186599,00132BB36CC7542E,16777985
596,Refeitorio,Desejum,2026-02-02 08:34:50,2026-02-02 05:34:50,2026-02-02,00133CFD522F7A90,00132B76FE186599,00132BB36CC7542E,16777985
597,Refeitorio,Desejum,2026-02-02 08:35:06,2026-02-02 05:35:06,2026-02-02,00138AB69675F36A,00132B76FE186599,00132BB36CC7542E,16777985
598,Refeitorio,Desejum,2026-02-02 08:35:19,2026-02-02 05:35:19,2026-02-02,0013F6DCC2E7F681,00132B76FE186599,00132BB36CC7542E,16777985
599,Refeitorio,Desejum,2026-02-02 08:35:26,2026-02-02 05:35:26,2026-02-02,001408AA1003A5CB,00132B76FE186599,00132BB36CC7542E,16777985
600,Refeitorio,Desejum,2026-02-02 08:35:31,2026-02-02 05:35:31,2026-02-02,0013B848A5E0E98D,00132B76FE186599,00132BB36CC7542E,16777985
601,Refeitorio,Desejum,2026-02-02 08:35:37,2026-02-02 05:35:37,2026-02-02,0013F8D0A3825995,00132B76FE186599,00132BB36CC7542E,16777985
602,Refeitorio,Desejum,2026-02-02 08:35:48,2026-02-02 05:35:48,2026-02-02,0013B89F66B80DD3,00132B76FE186599,00132BB36CC7542E,16777985
603,Refeitorio,Desejum,2026-02-02 08:35:56,2026-02-02 05:35:56,2026-02-02,00132FD0E0D01AE1,00132B76FE186599,00132BB36CC7542E,16777985
604,Refeitorio,Desejum,2026-02-02 08:36:50,2026-02-02 05:36:50,2026-02-02,0013E97C74750CD2,00132B76FE186599,00132BB36CC7542E,16777985
605,Refeitorio,Desejum,2026-02-02 08:37:06,2026-02-02 05:37:06,2026-02-02,0013CDAB96512869,00132B76FE186599,00132BB36CC7542E,16777985
606,Refeitorio,Desejum,2026-02-02 08:37:27,2026-02-02 05:37:27,2026-02-02,0013832EE0FA9DF9,00132B76FE186599,00132BB36CC7542E,16777985
607,Refeitorio,Desejum,2026-02-02 08:37:30,2026-02-02 05:37:30,2026-02-02,00139F7654A7A94D,00132B76FE186599,00132BB36CC7542E,16777985
608,Refeitorio,Desejum,2026-02-02 08:37:33,2026-02-02 05:37:33,2026-02-02,0013B486B5E72AB1,00132B76FE186599,00132BB36CC7542E,16777985
609,Refeitorio,Desejum,2026-02-02 08:37:40,2026-02-02 05:37:40,2026-02-02,0013FFC8F6CE1C14,00132B76FE186599,00132BB36CC7542E,16777985
610,Refeitorio,Desejum,2026-02-02 08:37:52,2026-02-02 05:37:52,2026-02-02,00134D2D069DA0EA,00132B76FE186599,00132BB36CC7542E,16777985
611,Refeitorio,Desejum,2026-02-02 08:37:55,2026-02-02 05:37:55,2026-02-02,0013B42F5071FD6D,00132B76FE186599,00132BB36CC7542E,16777985
612,Refeitorio,Desejum,2026-02-02 08:37:59,2026-02-02 05:37:59,2026-02-02,0013B486B31895C7,00132B76FE186599,00132BB36CC7542E,16777985
613,Refeitorio,Desejum,2026-02-02 08:38:02,2026-02-02 05:38:02,2026-02-02,00138CEA983C3AF6,00132B76FE186599,00132BB36CC7542E,16777985
614,Refeitorio,Desejum,2026-02-02 08:38:07,2026-02-02 05:38:07,2026-02-02,00132D30FDC8E535,00132B76FE186599,00132BB36CC7542E,16777985
615,Refeitorio,Desejum,2026-02-02 08:38:24,2026-02-02 05:38:24,2026-02-02,0013E818750DFD30,00132B76FE186599,00132BB36CC7542E,16777985
616,Refeitorio,Desejum,2026-02-02 08:38:37,2026-02-02 05:38:37,2026-02-02,00132D30EEF66A42,00132B76FE186599,00132BB36CC7542E,16777985
617,Refeitorio,Desejum,2026-02-02 08:38:41,2026-02-02 05:38:41,2026-02-02,0013B6F1D87F5942,00132B76FE186599,00132BB36CC7542E,16777985
618,Refeitorio,Desejum,2026-02-02 08:38:43,2026-02-02 05:38:43,2026-02-02,0013B486B530B0CD,00132B76FE186599,00132BB36CC7542E,16777985
619,Refeitorio,Desejum,2026-02-02 08:39:01,2026-02-02 05:39:01,2026-02-02,0013F8CFC11F3298,00132B76FE186599,00132BB36CC7542E,16777985
620,Refeitorio,Desejum,2026-02-02 08:39:05,2026-02-02 05:39:05,2026-02-02,0013F0DADD450A66,00132B76FE186599,00132BB36CC7542E,16777985
621,Refeitorio,Desejum,2026-02-02 08:39:41,2026-02-02 05:39:41,2026-02-02,001385BFD4C84277,00132B76FE186599,00132BB36CC7542E,16777985
622,Refeitorio,Desejum,2026-02-02 08:39:58,2026-02-02 05:39:58,2026-02-02,00134FF02CDFED1D,00132B76FE186599,00132BB36CC7542E,16777985
623,Refeitorio,Desejum,2026-02-02 08:40:10,2026-02-02 05:40:10,2026-02-02,0013F0A5115D5D8D,00132B76FE186599,00132BB36CC7542E,16777985
624,Refeitorio,Desejum,2026-02-02 08:40:26,2026-02-02 05:40:26,2026-02-02,0013590A4F2F959E,00132B76FE186599,00132BB36CC7542E,16777985
625,Refeitorio,Desejum,2026-02-02 08:40:30,2026-02-02 05:40:30,2026-02-02,00132D30F5A59130,00132B76FE186599,00132BB36CC7542E,16777985
626,Refeitorio,Desejum,2026-02-02 08:40:34,2026-02-02 05:40:34,2026-02-02,0013DFF730144DF4,00132B76FE186599,00132BB36CC7542E,16777985
627,Refeitorio,Desejum,2026-02-02 08:40:44,2026-02-02 05:40:44,2026-02-02,00132D30F4F55FA9,00132B76FE186599,00132BB36CC7542E,16777985
628,Refeitorio,Desejum,2026-02-02 08:40:52,2026-02-02 05:40:52,2026-02-02,001400942BC1CDEE,00132B76FE186599,00132BB36CC7542E,16777985
629,Refeitorio,Desejum,2026-02-02 08:41:47,2026-02-02 05:41:47,2026-02-02,0013F0A5085316C5,00132B76FE186599,00132BB36CC7542E,16777985
630,Refeitorio,Desejum,2026-02-02 08:41:58,2026-02-02 05:41:58,2026-02-02,0013F9BC585F60AE,00132B76FE186599,00132BB36CC7542E,16777985
631,Refeitorio,Desejum,2026-02-02 08:42:03,2026-02-02 05:42:03,2026-02-02,0014015B8634031A,00132B76FE186599,00132BB36CC7542E,16777985
632,Refeitorio,Desejum,2026-02-02 08:42:25,2026-02-02 05:42:25,2026-02-02,0013E5DFB566E5B7,00132B76FE186599,00132BB36CC7542E,16777985
633,Refeitorio,Desejum,2026-02-02 08:43:33,2026-02-02 05:43:33,2026-02-02,0013F62047B1EAC2,00132B76FE186599,00132BB36CC7542E,16777985
634,Refeitorio,Desejum,2026-02-02 08:43:39,2026-02-02 05:43:39,2026-02-02,0013E22C539C2BED,00132B76FE186599,00132BB36CC7542E,16777985
635,Refeitorio,Desejum,2026-02-02 08:43:43,2026-02-02 05:43:43,2026-02-02,0013F9BC5EA561A2,00132B76FE186599,00132BB36CC7542E,16777985
636,Refeitorio,Desejum,2026-02-02 08:44:35,2026-02-02 05:44:35,2026-02-02,0013E5DFA0B6FBDA,00132B76FE186599,00132BB36CC7542E,16777985
637,Refeitorio,Desejum,2026-02-02 08:44:58,2026-02-02 05:44:58,2026-02-02,00132D30F790F438,00132B76FE186599,00132BB36CC7542E,16777985
638,Refeitorio,Desejum,2026-02-02 08:45:11,2026-02-02 05:45:11,2026-02-02,00133E678E05A0E4,00132B76FE186599,00132BB36CC7542E,16777985
639,Refeitorio,Desejum,2026-02-02 08:45:29,2026-02-02 05:45:29,2026-02-02,00133E625C1B98B9,00132B76FE186599,00132BB36CC7542E,16777985
640,Refeitorio,Desejum,2026-02-02 08:45:41,2026-02-02 05:45:41,2026-02-02,0013FF3B9A4F7B14,00132B76FE186599,00132BB36CC7542E,16777985
641,Refeitorio,Desejum,2026-02-02 08:45:50,2026-02-02 05:45:50,2026-02-02,0013B9181F0D82A4,00132B76FE186599,00132BB36CC7542E,16777985
642,Refeitorio,Desejum,2026-02-02 08:46:01,2026-02-02 05:46:01,2026-02-02,00132FD0E6A49D62,00132B76FE186599,00132BB36CC7542E,16777985
643,Refeitorio,Desejum,2026-02-02 08:46:35,2026-02-02 05:46:35,2026-02-02,0013E3211C19260D,00132B76FE186599,00132BB36CC7542E,16777985
644,Refeitorio,Desejum,2026-02-02 08:46:40,2026-02-02 05:46:40,2026-02-02,0013B6F1E0149C82,00132B76FE186599,00132BB36CC7542E,16777985
645,Refeitorio,Desejum,2026-02-02 08:46:49,2026-02-02 05:46:49,2026-02-02,0013F5921427BBE2,00132B76FE186599,00132BB36CC7542E,16777985
646,Refeitorio,Desejum,2026-02-02 08:47:59,2026-02-02 05:47:59,2026-02-02,00140B420EFE7401,00132B76FE186599,00132BB36CC7542E,16777985
647,Refeitorio,Desejum,2026-02-02 08:48:36,2026-02-02 05:48:36,2026-02-02,00132D30EF4CB946,00132B76FE186599,00132BB36CC7542E,16777985
648,Refeitorio,Desejum,2026-02-02 08:48:48,2026-02-02 05:48:48,2026-02-02,00132D3104A370A4,00132B76FE186599,00132BB36CC7542E,16777985
649,Refeitorio,Desejum,2026-02-02 08:49:02,2026-02-02 05:49:02,2026-02-02,00139E203964C255,00132B76FE186599,00132BB36CC7542E,16777985
650,Refeitorio,Desejum,2026-02-02 08:49:06,2026-02-02 05:49:06,2026-02-02,001366F934EB60F9,00132B76FE186599,00132BB36CC7542E,16777985
651,Refeitorio,Desejum,2026-02-02 08:49:59,2026-02-02 05:49:59,2026-02-02,0013B486ACF0E224,00132B76FE186599,00132BB36CC7542E,16777985
652,Refeitorio,Desejum,2026-02-02 08:50:05,2026-02-02 05:50:05,2026-02-02,0013F788C47FFC58,00132B76FE186599,00132BB36CC7542E,16777985
653,Refeitorio,Desejum,2026-02-02 08:50:08,2026-02-02 05:50:08,2026-02-02,0014015B64AF0706,00132B76FE186599,00132BB36CC7542E,16777985
654,Refeitorio,Desejum,2026-02-02 08:50:15,2026-02-02 05:50:15,2026-02-02,00132D3105CF5FE2,00132B76FE186599,00132BB36CC7542E,16777985
655,Refeitorio,Desejum,2026-02-02 08:51:00,2026-02-02 05:51:00,2026-02-02,00132D30F26AF599,00132B76FE186599,00132BB36CC7542E,16777985
656,Refeitorio,Desejum,2026-02-02 08:51:07,2026-02-02 05:51:07,2026-02-02,0014054F920802A1,00132B76FE186599,00132BB36CC7542E,16777985
657,Refeitorio,Desejum,2026-02-02 08:51:52,2026-02-02 05:51:52,2026-02-02,0014041B416358CC,00132B76FE186599,00132BB36CC7542E,16777985
658,Refeitorio,Desejum,2026-02-02 08:51:57,2026-02-02 05:51:57,2026-02-02,00132D30F2D6B9D6,00132B76FE186599,00132BB36CC7542E,16777985
659,Refeitorio,Desejum,2026-02-02 08:52:40,2026-02-02 05:52:40,2026-02-02,00138F4268D6CCD6,00132B76FE186599,00132BB36CC7542E,16777985
660,Refeitorio,Desejum,2026-02-02 08:53:01,2026-02-02 05:53:01,2026-02-02,001339D9A017B524,00132B76FE186599,00132BB36CC7542E,16777985
661,Refeitorio,Desejum,2026-02-02 08:53:25,2026-02-02 05:53:25,2026-02-02,00134178460E7F14,00132B76FE186599,00132BB36CC7542E,16777985
662,Refeitorio,Desejum,2026-02-02 08:54:11,2026-02-02 05:54:11,2026-02-02,0013BF7410CF9FBD,00132B76FE186599,00132BB36CC7542E,16777985
663,Refeitorio,Desejum,2026-02-02 08:55:47,2026-02-02 05:55:47,2026-02-02,001403950DCD952F,00132B76FE186599,00132BB36CC7542E,16777985
664,Refeitorio,Desejum,2026-02-02 08:57:23,2026-02-02 05:57:23,2026-02-02,0013DD11EB49E6B8,00132B76FE186599,00132BB36CC7542E,16777985
665,Refeitorio,Desejum,2026-02-02 08:57:27,2026-02-02 05:57:27,2026-02-02,0013FB6322C65213,00132B76FE186599,00132BB36CC7542E,16777985
666,Refeitorio,Desejum,2026-02-02 08:57:42,2026-02-02 05:57:42,2026-02-02,00139E0C93F457DA,00132B76FE186599,00132BB36CC7542E,16777985
667,Refeitorio,Desejum,2026-02-02 08:58:35,2026-02-02 05:58:35,2026-02-02,00133E68B1862ABC,00132B76FE186599,00132BB36CC7542E,16777985
668,Refeitorio,Desejum,2026-02-02 08:59:33,2026-02-02 05:59:33,2026-02-02,0013F2D22C507B74,00132B76FE186599,00132BB36CC7542E,16777985
669,Refeitorio,Desejum,2026-02-02 09:00:40,2026-02-02 06:00:40,2026-02-02,00132D30EBEC7201,00132B76FE186599,00132BB36CC7542E,16777985
670,Refeitorio,Desejum,2026-02-02 09:06:17,2026-02-02 06:06:17,2026-02-02,0013E6694259F044,00132B76FE186599,00132BB36CC7542E,16777985
671,Refeitorio,Desejum,2026-02-02 09:07:53,2026-02-02 06:07:53,2026-02-02,0013C7297210E1AA,00132B76FE186599,00132BB36CC7542E,16777985
672,Refeitorio,Desejum,2026-02-02 09:07:57,2026-02-02 06:07:57,2026-02-02,0013CBD7E799E2A7,00132B76FE186599,00132BB36CC7542E,16777985
673,Refeitorio,Desejum,2026-02-02 09:08:22,2026-02-02 06:08:22,2026-02-02,0013CC1432B90902,00132B76FE186599,00132BB36CC7542E,16777985
674,Refeitorio,Desejum,2026-02-02 09:09:28,2026-02-02 06:09:28,2026-02-02,00137206DB3739A3,00132B76FE186599,00132BB36CC7542E,16777985
675,Refeitorio,Desejum,2026-02-02 09:09:32,2026-02-02 06:09:32,2026-02-02,00132D3103FD7F9F,00132B76FE186599,00132BB36CC7542E,16777985
676,Refeitorio,Desejum,2026-02-02 09:09:41,2026-02-02 06:09:41,2026-02-02,00135D3394AD7337,00132B76FE186599,00132BB36CC7542E,16777985
677,Refeitorio,Desejum,2026-02-02 09:09:46,2026-02-02 06:09:46,2026-02-02,0013E62C263C56B7,00132B76FE186599,00132BB36CC7542E,16777985
678,Refeitorio,Desejum,2026-02-02 09:10:19,2026-02-02 06:10:19,2026-02-02,0013B6F1DC030C1B,00132B76FE186599,00132BB36CC7542E,16777985
679,Refeitorio,Desejum,2026-02-02 09:10:22,2026-02-02 06:10:22,2026-02-02,001373C2E161B0E2,00132B76FE186599,00132BB36CC7542E,16777985
680,Refeitorio,Desejum,2026-02-02 09:10:28,2026-02-02 06:10:28,2026-02-02,0013EB24014C00BC,00132B76FE186599,00132BB36CC7542E,16777985
681,Refeitorio,Desejum,2026-02-02 09:10:32,2026-02-02 06:10:32,2026-02-02,0013CBD7E54932BD,00132B76FE186599,00132BB36CC7542E,16777985
682,Refeitorio,Desejum,2026-02-02 09:10:44,2026-02-02 06:10:44,2026-02-02,001400D2E5841383,00132B76FE186599,00132BB36CC7542E,16777985
683,Refeitorio,Desejum,2026-02-02 09:11:50,2026-02-02 06:11:50,2026-02-02,0013F8CEC19ADB04,00132B76FE186599,00132BB36CC7542E,16777985
684,Refeitorio,Desejum,2026-02-02 09:12:30,2026-02-02 06:12:30,2026-02-02,0013ED92CD2326E9,00132B76FE186599,00132BB36CC7542E,16777985
685,Refeitorio,Desejum,2026-02-02 09:12:59,2026-02-02 06:12:59,2026-02-02,0013C8C75CDC121B,00132B76FE186599,00132BB36CC7542E,16777985
686,Refeitorio,Desejum,2026-02-02 09:13:03,2026-02-02 06:13:03,2026-02-02,0013F8D160CF32D0,00132B76FE186599,00132BB36CC7542E,16777985
687,Refeitorio,Desejum,2026-02-02 09:13:06,2026-02-02 06:13:06,2026-02-02,0013FE228B4531C3,00132B76FE186599,00132BB36CC7542E,16777985
688,Refeitorio,Desejum,2026-02-02 09:13:11,2026-02-02 06:13:11,2026-02-02,0014015B6A27F101,00132B76FE186599,00132BB36CC7542E,16777985
689,Refeitorio,Desejum,2026-02-02 09:13:32,2026-02-02 06:13:32,2026-02-02,00132D30E732749D,00132B76FE186599,00132BB36CC7542E,16777985
690,Refeitorio,Desejum,2026-02-02 09:13:34,2026-02-02 06:13:34,2026-02-02,0013E5DF7D1752AD,00132B76FE186599,00132BB36CC7542E,16777985
691,Refeitorio,Desejum,2026-02-02 09:13:50,2026-02-02 06:13:50,2026-02-02,0013F1B936E667BC,00132B76FE186599,00132BB36CC7542E,16777985
692,Refeitorio,Desejum,2026-02-02 09:14:44,2026-02-02 06:14:44,2026-02-02,0013A1692E01281B,00132B76FE186599,00132BB36CC7542E,16777985
693,Refeitorio,Desejum,2026-02-02 09:16:17,2026-02-02 06:16:17,2026-02-02,0013B848A0C13A85,00132B76FE186599,00132BB36CC7542E,16777985
694,Refeitorio,Desejum,2026-02-02 09:16:43,2026-02-02 06:16:43,2026-02-02,0013727ED75513D2,00132B76FE186599,00132BB36CC7542E,16777985
695,Refeitorio,Desejum,2026-02-02 09:18:10,2026-02-02 06:18:10,2026-02-02,0013DA51D54E3845,00132B76FE186599,00132BB36CC7542E,16777985
696,Refeitorio,Desejum,2026-02-02 09:18:16,2026-02-02 06:18:16,2026-02-02,00132D30F695A856,00132B76FE186599,00132BB36CC7542E,16777985
697,Refeitorio,Desejum,2026-02-02 09:18:19,2026-02-02 06:18:19,2026-02-02,0013A91D9480DA70,00132B76FE186599,00132BB36CC7542E,16777985
698,Refeitorio,Desejum,2026-02-02 09:18:22,2026-02-02 06:18:22,2026-02-02,0013C8C75D9E6C2F,00132B76FE186599,00132BB36CC7542E,16777985
699,Refeitorio,Desejum,2026-02-02 09:18:53,2026-02-02 06:18:53,2026-02-02,00132D30FA866B73,00132B76FE186599,00132BB36CC7542E,16777985
700,Refeitorio,Desejum,2026-02-02 09:18:55,2026-02-02 06:18:55,2026-02-02,0013B7F82AA70249,00132B76FE186599,00132BB36CC7542E,16777985
701,Refeitorio,Desejum,2026-02-02 09:19:30,2026-02-02 06:19:30,2026-02-02,0013CA31789F0E41,00132B76FE186599,00132BB36CC7542E,16777985
702,Refeitorio,Desejum,2026-02-02 09:19:35,2026-02-02 06:19:35,2026-02-02,0013C72967B89102,00132B76FE186599,00132BB36CC7542E,16777985
703,Refeitorio,Desejum,2026-02-02 09:19:42,2026-02-02 06:19:42,2026-02-02,00132D30F52CED01,00132B76FE186599,00132BB36CC7542E,16777985
704,Refeitorio,Desejum,2026-02-02 09:20:37,2026-02-02 06:20:37,2026-02-02,00132FD0E52E88A0,00132B76FE186599,00132BB36CC7542E,16777985
705,Refeitorio,Desejum,2026-02-02 09:20:41,2026-02-02 06:20:41,2026-02-02,00132FD0E639CD75,00132B76FE186599,00132BB36CC7542E,16777985
706,Refeitorio,Desejum,2026-02-02 09:21:13,2026-02-02 06:21:13,2026-02-02,001400054D9A103C,00132B76FE186599,00132BB36CC7542E,16777985
707,Refeitorio,Desejum,2026-02-02 09:21:24,2026-02-02 06:21:24,2026-02-02,0013F062B4448965,00132B76FE186599,00132BB36CC7542E,16777985
708,Refeitorio,Desejum,2026-02-02 09:21:27,2026-02-02 06:21:27,2026-02-02,0013B848A928E109,00132B76FE186599,00132BB36CC7542E,16777985
709,Refeitorio,Desejum,2026-02-02 09:21:31,2026-02-02 06:21:31,2026-02-02,0013C72975084965,00132B76FE186599,00132BB36CC7542E,16777985
710,Refeitorio,Desejum,2026-02-02 09:21:34,2026-02-02 06:21:34,2026-02-02,0013AD6EC332A8C1,00132B76FE186599,00132BB36CC7542E,16777985
711,Refeitorio,Desejum,2026-02-02 09:26:50,2026-02-02 06:26:50,2026-02-02,00136AE3F60D1C22,00132B76FE186599,00132BB36CC7542E,16777985
712,Refeitorio,Desejum,2026-02-02 09:26:53,2026-02-02 06:26:53,2026-02-02,00132D30F5DA4222,00132B76FE186599,00132BB36CC7542E,16777985
713,Refeitorio,Desejum,2026-02-02 09:29:29,2026-02-02 06:29:29,2026-02-02,0013E62C26F852D3,00132B76FE186599,00132BB36CC7542E,16777985
714,Refeitorio,Desejum,2026-02-02 09:32:21,2026-02-02 06:32:21,2026-02-02,0013DFF733ADA44E,00132B76FE186599,00132BB36CC7542E,16777985
715,Refeitorio,Desejum,2026-02-02 09:32:52,2026-02-02 06:32:52,2026-02-02,001359E46CBAB705,00132B76FE186599,00132BB36CC7542E,16777985
716,Refeitorio,Desejum,2026-02-02 09:33:50,2026-02-02 06:33:50,2026-02-02,0013E818564E72A9,00132B76FE186599,00132BB36CC7542E,16777985
717,Refeitorio,Desejum,2026-02-02 09:33:53,2026-02-02 06:33:53,2026-02-02,0013E818B85E0C94,00132B76FE186599,00132BB36CC7542E,16777985
718,Refeitorio,Desejum,2026-02-02 09:35:31,2026-02-02 06:35:31,2026-02-02,0013C4030F2CB12D,00132B76FE186599,00132BB36CC7542E,16777985
719,Refeitorio,Desejum,2026-02-02 09:35:43,2026-02-02 06:35:43,2026-02-02,00132D30FFB3912A,00132B76FE186599,00132BB36CC7542E,16777985
720,Refeitorio,Desejum,2026-02-02 09:40:45,2026-02-02 06:40:45,2026-02-02,0013C403169EB5D2,00132B76FE186599,00132BB36CC7542E,16777985
